solid ASCII
  facet normal -1.000000e+00 0.000000e+00 0.000000e+00
    outer loop
      vertex   -2.145000e+00 -2.450000e+00 -7.800000e+01
      vertex   -2.145000e+00 2.550000e+00 -7.800000e+01
      vertex   -2.145000e+00 -2.450000e+00 -8.100000e+01
    endloop
  endfacet
  facet normal -1.000000e+00 0.000000e+00 0.000000e+00
    outer loop
      vertex   -2.145000e+00 -2.450000e+00 -8.100000e+01
      vertex   -2.145000e+00 2.550000e+00 -7.800000e+01
      vertex   -2.145000e+00 2.550000e+00 -8.100000e+01
    endloop
  endfacet
  facet normal -0.000000e+00 -1.000000e+00 -0.000000e+00
    outer loop
      vertex   2.855000e+00 -2.450000e+00 -7.800000e+01
      vertex   -2.145000e+00 -2.450000e+00 -7.800000e+01
      vertex   2.855000e+00 -2.450000e+00 -8.100000e+01
    endloop
  endfacet
  facet normal 0.000000e+00 -1.000000e+00 0.000000e+00
    outer loop
      vertex   2.855000e+00 -2.450000e+00 -8.100000e+01
      vertex   -2.145000e+00 -2.450000e+00 -7.800000e+01
      vertex   -2.145000e+00 -2.450000e+00 -8.100000e+01
    endloop
  endfacet
  facet normal 1.000000e+00 0.000000e+00 0.000000e+00
    outer loop
      vertex   2.855000e+00 2.550000e+00 -7.800000e+01
      vertex   2.855000e+00 -2.450000e+00 -7.800000e+01
      vertex   2.855000e+00 2.550000e+00 -8.100000e+01
    endloop
  endfacet
  facet normal 1.000000e+00 0.000000e+00 0.000000e+00
    outer loop
      vertex   2.855000e+00 2.550000e+00 -8.100000e+01
      vertex   2.855000e+00 -2.450000e+00 -7.800000e+01
      vertex   2.855000e+00 -2.450000e+00 -8.100000e+01
    endloop
  endfacet
  facet normal -0.000000e+00 1.000000e+00 0.000000e+00
    outer loop
      vertex   -2.145000e+00 2.550000e+00 -7.800000e+01
      vertex   2.855000e+00 2.550000e+00 -7.800000e+01
      vertex   -2.145000e+00 2.550000e+00 -8.100000e+01
    endloop
  endfacet
  facet normal 0.000000e+00 1.000000e+00 0.000000e+00
    outer loop
      vertex   -2.145000e+00 2.550000e+00 -8.100000e+01
      vertex   2.855000e+00 2.550000e+00 -7.800000e+01
      vertex   2.855000e+00 2.550000e+00 -8.100000e+01
    endloop
  endfacet
  facet normal 0.000000e+00 0.000000e+00 -1.000000e+00
    outer loop
      vertex   -2.145000e+00 2.550000e+00 -8.100000e+01
      vertex   2.855000e+00 2.550000e+00 -8.100000e+01
      vertex   -2.145000e+00 -2.450000e+00 -8.100000e+01
    endloop
  endfacet
  facet normal 0.000000e+00 0.000000e+00 -1.000000e+00
    outer loop
      vertex   -2.145000e+00 -2.450000e+00 -8.100000e+01
      vertex   2.855000e+00 2.550000e+00 -8.100000e+01
      vertex   2.855000e+00 -2.450000e+00 -8.100000e+01
    endloop
  endfacet
  facet normal 0.000000e+00 0.000000e+00 -1.000000e+00
    outer loop
      vertex   -3.895000e+00 -1.220079e+00 -6.870000e+00
      vertex   -3.895000e+00 1.320079e+00 -6.870000e+00
      vertex   4.605000e+00 -1.220079e+00 -6.870000e+00
    endloop
  endfacet
  facet normal 0.000000e+00 0.000000e+00 -1.000000e+00
    outer loop
      vertex   4.605000e+00 -1.220079e+00 -6.870000e+00
      vertex   -3.895000e+00 1.320079e+00 -6.870000e+00
      vertex   4.605000e+00 1.320079e+00 -6.870000e+00
    endloop
  endfacet
  facet normal -0.000000e+00 -7.902896e-01 -6.127335e-01
    outer loop
      vertex   4.605000e+00 1.320079e+00 -6.870000e+00
      vertex   -3.895000e+00 1.320079e+00 -6.870000e+00
      vertex   3.550000e-01 1.460771e+00 -7.051462e+00
    endloop
  endfacet
  facet normal 4.128930e-17 -7.902896e-01 -6.127335e-01
    outer loop
      vertex   3.550000e-01 1.460771e+00 -7.051462e+00
      vertex   -3.895000e+00 1.320079e+00 -6.870000e+00
      vertex   -3.895000e+00 1.460771e+00 -7.051462e+00
    endloop
  endfacet
  facet normal 4.522669e-17 -8.656523e-01 -5.006457e-01
    outer loop
      vertex   3.550000e-01 1.460771e+00 -7.051462e+00
      vertex   -3.895000e+00 1.460771e+00 -7.051462e+00
      vertex   3.550000e-01 1.575727e+00 -7.250229e+00
    endloop
  endfacet
  facet normal -1.187997e-16 -8.656523e-01 -5.006457e-01
    outer loop
      vertex   3.550000e-01 1.575727e+00 -7.250229e+00
      vertex   -3.895000e+00 1.460771e+00 -7.051462e+00
      vertex   -3.895000e+00 1.575727e+00 -7.250229e+00
    endloop
  endfacet
  facet normal -6.190865e-17 -9.252227e-01 -3.794244e-01
    outer loop
      vertex   3.550000e-01 1.575727e+00 -7.250229e+00
      vertex   -3.895000e+00 1.575727e+00 -7.250229e+00
      vertex   3.550000e-01 1.662848e+00 -7.462673e+00
    endloop
  endfacet
  facet normal 4.833899e-17 -9.252227e-01 -3.794244e-01
    outer loop
      vertex   3.550000e-01 1.662848e+00 -7.462673e+00
      vertex   -3.895000e+00 1.575727e+00 -7.250229e+00
      vertex   -3.895000e+00 1.662848e+00 -7.462673e+00
    endloop
  endfacet
  facet normal 5.056944e-17 -9.679141e-01 -2.512813e-01
    outer loop
      vertex   3.550000e-01 1.662848e+00 -7.462673e+00
      vertex   -3.895000e+00 1.662848e+00 -7.462673e+00
      vertex   3.550000e-01 1.720546e+00 -7.684921e+00
    endloop
  endfacet
  facet normal 4.862532e-17 -9.679141e-01 -2.512813e-01
    outer loop
      vertex   3.550000e-01 1.720546e+00 -7.684921e+00
      vertex   -3.895000e+00 1.662848e+00 -7.462673e+00
      vertex   -3.895000e+00 1.720546e+00 -7.684921e+00
    endloop
  endfacet
  facet normal 7.897890e-17 -9.929476e-01 -1.185539e-01
    outer loop
      vertex   3.550000e-01 1.720546e+00 -7.684921e+00
      vertex   -3.895000e+00 1.720546e+00 -7.684921e+00
      vertex   3.550000e-01 1.747768e+00 -7.912916e+00
    endloop
  endfacet
  facet normal -2.477577e-17 -9.929476e-01 -1.185539e-01
    outer loop
      vertex   3.550000e-01 1.747768e+00 -7.912916e+00
      vertex   -3.895000e+00 1.720546e+00 -7.684921e+00
      vertex   -3.895000e+00 1.747768e+00 -7.912916e+00
    endloop
  endfacet
  facet normal 3.414006e-18 -9.998666e-01 1.633627e-02
    outer loop
      vertex   3.550000e-01 1.747768e+00 -7.912916e+00
      vertex   -3.895000e+00 1.747768e+00 -7.912916e+00
      vertex   3.550000e-01 1.744017e+00 -8.142500e+00
    endloop
  endfacet
  facet normal 0.000000e+00 -9.998666e-01 1.633627e-02
    outer loop
      vertex   3.550000e-01 1.744017e+00 -8.142500e+00
      vertex   -3.895000e+00 1.747768e+00 -7.912916e+00
      vertex   -3.895000e+00 1.744017e+00 -8.142500e+00
    endloop
  endfacet
  facet normal 0.000000e+00 -9.885447e-01 1.509284e-01
    outer loop
      vertex   3.550000e-01 1.744017e+00 -8.142500e+00
      vertex   -3.895000e+00 1.744017e+00 -8.142500e+00
      vertex   3.550000e-01 1.709362e+00 -8.369485e+00
    endloop
  endfacet
  facet normal 1.143569e-17 -9.885447e-01 1.509284e-01
    outer loop
      vertex   3.550000e-01 1.709362e+00 -8.369485e+00
      vertex   -3.895000e+00 1.744017e+00 -8.142500e+00
      vertex   -3.895000e+00 1.709362e+00 -8.369485e+00
    endloop
  endfacet
  facet normal 6.807357e-17 -9.591886e-01 2.827671e-01
    outer loop
      vertex   3.550000e-01 1.709362e+00 -8.369485e+00
      vertex   -3.895000e+00 1.709362e+00 -8.369485e+00
      vertex   3.550000e-01 1.644434e+00 -8.589729e+00
    endloop
  endfacet
  facet normal -5.011357e-17 -9.591886e-01 2.827671e-01
    outer loop
      vertex   3.550000e-01 1.644434e+00 -8.589729e+00
      vertex   -3.895000e+00 1.709362e+00 -8.369485e+00
      vertex   -3.895000e+00 1.644434e+00 -8.589729e+00
    endloop
  endfacet
  facet normal -4.766560e-17 -9.123338e-01 4.094473e-01
    outer loop
      vertex   3.550000e-01 1.644434e+00 -8.589729e+00
      vertex   -3.895000e+00 1.644434e+00 -8.589729e+00
      vertex   3.550000e-01 1.550419e+00 -8.799214e+00
    endloop
  endfacet
  facet normal 0.000000e+00 -9.123338e-01 4.094473e-01
    outer loop
      vertex   3.550000e-01 1.550419e+00 -8.799214e+00
      vertex   -3.895000e+00 1.644434e+00 -8.589729e+00
      vertex   -3.895000e+00 1.550419e+00 -8.799214e+00
    endloop
  endfacet
  facet normal 0.000000e+00 -8.488351e-01 5.286578e-01
    outer loop
      vertex   3.550000e-01 1.550419e+00 -8.799214e+00
      vertex   -3.895000e+00 1.550419e+00 -8.799214e+00
      vertex   3.550000e-01 1.429031e+00 -8.994119e+00
    endloop
  endfacet
  facet normal 1.322650e-16 -8.488351e-01 5.286578e-01
    outer loop
      vertex   3.550000e-01 1.429031e+00 -8.994119e+00
      vertex   -3.895000e+00 1.550419e+00 -8.799214e+00
      vertex   -3.895000e+00 1.429031e+00 -8.994119e+00
    endloop
  endfacet
  facet normal 1.863131e-16 -7.698509e-01 6.382238e-01
    outer loop
      vertex   3.550000e-01 1.429031e+00 -8.994119e+00
      vertex   -3.895000e+00 1.429031e+00 -8.994119e+00
      vertex   3.550000e-01 1.282486e+00 -9.170888e+00
    endloop
  endfacet
  facet normal -8.044293e-17 -7.698509e-01 6.382238e-01
    outer loop
      vertex   3.550000e-01 1.282486e+00 -9.170888e+00
      vertex   -3.895000e+00 1.429031e+00 -8.994119e+00
      vertex   -3.895000e+00 1.282486e+00 -9.170888e+00
    endloop
  endfacet
  facet normal -7.072221e-17 -6.768221e-01 7.361466e-01
    outer loop
      vertex   3.550000e-01 1.282486e+00 -9.170888e+00
      vertex   -3.895000e+00 1.282486e+00 -9.170888e+00
      vertex   3.550000e-01 1.113456e+00 -9.326296e+00
    endloop
  endfacet
  facet normal -3.536110e-17 -6.768221e-01 7.361466e-01
    outer loop
      vertex   3.550000e-01 1.113456e+00 -9.326296e+00
      vertex   -3.895000e+00 1.282486e+00 -9.170888e+00
      vertex   -3.895000e+00 1.113456e+00 -9.326296e+00
    endloop
  endfacet
  facet normal -2.985564e-17 -5.714459e-01 8.206397e-01
    outer loop
      vertex   3.550000e-01 1.113456e+00 -9.326296e+00
      vertex   -3.895000e+00 1.113456e+00 -9.326296e+00
      vertex   3.550000e-01 9.250247e-01 -9.457509e+00
    endloop
  endfacet
  facet normal 2.832885e-16 -5.714459e-01 8.206397e-01
    outer loop
      vertex   3.550000e-01 9.250247e-01 -9.457509e+00
      vertex   -3.895000e+00 1.113456e+00 -9.326296e+00
      vertex   -3.895000e+00 9.250247e-01 -9.457509e+00
    endloop
  endfacet
  facet normal 3.244466e-16 -4.556447e-01 8.901617e-01
    outer loop
      vertex   3.550000e-01 9.250247e-01 -9.457509e+00
      vertex   -3.895000e+00 9.250247e-01 -9.457509e+00
      vertex   3.550000e-01 7.206304e-01 -9.562132e+00
    endloop
  endfacet
  facet normal 0.000000e+00 -4.556447e-01 8.901617e-01
    outer loop
      vertex   3.550000e-01 7.206304e-01 -9.562132e+00
      vertex   -3.895000e+00 9.250247e-01 -9.457509e+00
      vertex   -3.895000e+00 7.206304e-01 -9.562132e+00
    endloop
  endfacet
  facet normal 0.000000e+00 -3.315310e-01 9.434443e-01
    outer loop
      vertex   3.550000e-01 7.206304e-01 -9.562132e+00
      vertex   -3.895000e+00 7.206304e-01 -9.562132e+00
      vertex   3.550000e-01 5.040017e-01 -9.638256e+00
    endloop
  endfacet
  facet normal -8.660551e-17 -3.315310e-01 9.434443e-01
    outer loop
      vertex   3.550000e-01 5.040017e-01 -9.638256e+00
      vertex   -3.895000e+00 7.206304e-01 -9.562132e+00
      vertex   -3.895000e+00 5.040017e-01 -9.638256e+00
    endloop
  endfacet
  facet normal -5.260347e-17 -2.013692e-01 9.795154e-01
    outer loop
      vertex   3.550000e-01 5.040017e-01 -9.638256e+00
      vertex   -3.895000e+00 5.040017e-01 -9.638256e+00
      vertex   3.550000e-01 2.790905e-01 -9.684493e+00
    endloop
  endfacet
  facet normal -1.578104e-17 -2.013692e-01 9.795154e-01
    outer loop
      vertex   3.550000e-01 2.790905e-01 -9.684493e+00
      vertex   -3.895000e+00 5.040017e-01 -9.638256e+00
      vertex   -3.895000e+00 2.790905e-01 -9.684493e+00
    endloop
  endfacet
  facet normal -5.292531e-18 -6.753375e-02 9.977170e-01
    outer loop
      vertex   3.550000e-01 2.790905e-01 -9.684493e+00
      vertex   -3.895000e+00 2.790905e-01 -9.684493e+00
      vertex   3.550000e-01 5.000000e-02 -9.700000e+00
    endloop
  endfacet
  facet normal 6.615664e-18 -6.753375e-02 9.977170e-01
    outer loop
      vertex   3.550000e-01 5.000000e-02 -9.700000e+00
      vertex   -3.895000e+00 2.790905e-01 -9.684493e+00
      vertex   -3.895000e+00 5.000000e-02 -9.700000e+00
    endloop
  endfacet
  facet normal -6.615664e-18 6.753375e-02 9.977170e-01
    outer loop
      vertex   3.550000e-01 5.000000e-02 -9.700000e+00
      vertex   -3.895000e+00 5.000000e-02 -9.700000e+00
      vertex   3.550000e-01 -1.790905e-01 -9.684493e+00
    endloop
  endfacet
  facet normal 1.102611e-17 6.753375e-02 9.977170e-01
    outer loop
      vertex   3.550000e-01 -1.790905e-01 -9.684493e+00
      vertex   -3.895000e+00 5.000000e-02 -9.700000e+00
      vertex   -3.895000e+00 -1.790905e-01 -9.684493e+00
    endloop
  endfacet
  facet normal 3.287717e-17 2.013692e-01 9.795154e-01
    outer loop
      vertex   3.550000e-01 -1.790905e-01 -9.684493e+00
      vertex   -3.895000e+00 -1.790905e-01 -9.684493e+00
      vertex   3.550000e-01 -4.040017e-01 -9.638256e+00
    endloop
  endfacet
  facet normal 0.000000e+00 2.013692e-01 9.795154e-01
    outer loop
      vertex   3.550000e-01 -4.040017e-01 -9.638256e+00
      vertex   -3.895000e+00 -1.790905e-01 -9.684493e+00
      vertex   -3.895000e+00 -4.040017e-01 -9.638256e+00
    endloop
  endfacet
  facet normal 0.000000e+00 3.315310e-01 9.434443e-01
    outer loop
      vertex   3.550000e-01 -4.040017e-01 -9.638256e+00
      vertex   -3.895000e+00 -4.040017e-01 -9.638256e+00
      vertex   3.550000e-01 -6.206304e-01 -9.562132e+00
    endloop
  endfacet
  facet normal 2.598165e-17 3.315310e-01 9.434443e-01
    outer loop
      vertex   3.550000e-01 -6.206304e-01 -9.562132e+00
      vertex   -3.895000e+00 -4.040017e-01 -9.638256e+00
      vertex   -3.895000e+00 -6.206304e-01 -9.562132e+00
    endloop
  endfacet
  facet normal 3.570827e-17 4.556447e-01 8.901617e-01
    outer loop
      vertex   3.550000e-01 -6.206304e-01 -9.562132e+00
      vertex   -3.895000e+00 -6.206304e-01 -9.562132e+00
      vertex   3.550000e-01 -8.250247e-01 -9.457509e+00
    endloop
  endfacet
  facet normal 1.190276e-17 4.556447e-01 8.901617e-01
    outer loop
      vertex   3.550000e-01 -8.250247e-01 -9.457509e+00
      vertex   -3.895000e+00 -6.206304e-01 -9.562132e+00
      vertex   -3.895000e+00 -8.250247e-01 -9.457509e+00
    endloop
  endfacet
  facet normal 1.492782e-17 5.714459e-01 8.206397e-01
    outer loop
      vertex   3.550000e-01 -8.250247e-01 -9.457509e+00
      vertex   -3.895000e+00 -8.250247e-01 -9.457509e+00
      vertex   3.550000e-01 -1.013456e+00 -9.326296e+00
    endloop
  endfacet
  facet normal -2.985564e-17 5.714459e-01 8.206397e-01
    outer loop
      vertex   3.550000e-01 -1.013456e+00 -9.326296e+00
      vertex   -3.895000e+00 -8.250247e-01 -9.457509e+00
      vertex   -3.895000e+00 -1.013456e+00 -9.326296e+00
    endloop
  endfacet
  facet normal -3.536110e-17 6.768221e-01 7.361466e-01
    outer loop
      vertex   3.550000e-01 -1.013456e+00 -9.326296e+00
      vertex   -3.895000e+00 -1.013456e+00 -9.326296e+00
      vertex   3.550000e-01 -1.182486e+00 -9.170888e+00
    endloop
  endfacet
  facet normal -7.072221e-17 6.768221e-01 7.361466e-01
    outer loop
      vertex   3.550000e-01 -1.182486e+00 -9.170888e+00
      vertex   -3.895000e+00 -1.013456e+00 -9.326296e+00
      vertex   -3.895000e+00 -1.182486e+00 -9.170888e+00
    endloop
  endfacet
  facet normal -8.044293e-17 7.698509e-01 6.382238e-01
    outer loop
      vertex   3.550000e-01 -1.182486e+00 -9.170888e+00
      vertex   -3.895000e+00 -1.182486e+00 -9.170888e+00
      vertex   3.550000e-01 -1.329031e+00 -8.994119e+00
    endloop
  endfacet
  facet normal -8.044293e-17 7.698509e-01 6.382238e-01
    outer loop
      vertex   3.550000e-01 -1.329031e+00 -8.994119e+00
      vertex   -3.895000e+00 -1.182486e+00 -9.170888e+00
      vertex   -3.895000e+00 -1.329031e+00 -8.994119e+00
    endloop
  endfacet
  facet normal -8.869612e-17 8.488351e-01 5.286578e-01
    outer loop
      vertex   3.550000e-01 -1.329031e+00 -8.994119e+00
      vertex   -3.895000e+00 -1.329031e+00 -8.994119e+00
      vertex   3.550000e-01 -1.450419e+00 -8.799214e+00
    endloop
  endfacet
  facet normal 0.000000e+00 8.488351e-01 5.286578e-01
    outer loop
      vertex   3.550000e-01 -1.450419e+00 -8.799214e+00
      vertex   -3.895000e+00 -1.329031e+00 -8.994119e+00
      vertex   -3.895000e+00 -1.450419e+00 -8.799214e+00
    endloop
  endfacet
  facet normal 0.000000e+00 9.123338e-01 4.094473e-01
    outer loop
      vertex   3.550000e-01 -1.450419e+00 -8.799214e+00
      vertex   -3.895000e+00 -1.450419e+00 -8.799214e+00
      vertex   3.550000e-01 -1.544434e+00 -8.589729e+00
    endloop
  endfacet
  facet normal 0.000000e+00 9.123338e-01 4.094473e-01
    outer loop
      vertex   3.550000e-01 -1.544434e+00 -8.589729e+00
      vertex   -3.895000e+00 -1.450419e+00 -8.799214e+00
      vertex   -3.895000e+00 -1.544434e+00 -8.589729e+00
    endloop
  endfacet
  facet normal 0.000000e+00 9.591886e-01 2.827671e-01
    outer loop
      vertex   3.550000e-01 -1.544434e+00 -8.589729e+00
      vertex   -3.895000e+00 -1.544434e+00 -8.589729e+00
      vertex   3.550000e-01 -1.609362e+00 -8.369485e+00
    endloop
  endfacet
  facet normal 1.181871e-16 9.591886e-01 2.827671e-01
    outer loop
      vertex   3.550000e-01 -1.609362e+00 -8.369485e+00
      vertex   -3.895000e+00 -1.544434e+00 -8.589729e+00
      vertex   -3.895000e+00 -1.609362e+00 -8.369485e+00
    endloop
  endfacet
  facet normal 6.308299e-17 9.885447e-01 1.509284e-01
    outer loop
      vertex   3.550000e-01 -1.609362e+00 -8.369485e+00
      vertex   -3.895000e+00 -1.609362e+00 -8.369485e+00
      vertex   3.550000e-01 -1.644017e+00 -8.142500e+00
    endloop
  endfacet
  facet normal 0.000000e+00 9.885447e-01 1.509284e-01
    outer loop
      vertex   3.550000e-01 -1.644017e+00 -8.142500e+00
      vertex   -3.895000e+00 -1.609362e+00 -8.369485e+00
      vertex   -3.895000e+00 -1.644017e+00 -8.142500e+00
    endloop
  endfacet
  facet normal 0.000000e+00 9.998666e-01 1.633627e-02
    outer loop
      vertex   3.550000e-01 -1.644017e+00 -8.142500e+00
      vertex   -3.895000e+00 -1.644017e+00 -8.142500e+00
      vertex   3.550000e-01 -1.647768e+00 -7.912916e+00
    endloop
  endfacet
  facet normal 0.000000e+00 9.998666e-01 1.633627e-02
    outer loop
      vertex   3.550000e-01 -1.647768e+00 -7.912916e+00
      vertex   -3.895000e+00 -1.644017e+00 -8.142500e+00
      vertex   -3.895000e+00 -1.647768e+00 -7.912916e+00
    endloop
  endfacet
  facet normal 0.000000e+00 9.929476e-01 -1.185539e-01
    outer loop
      vertex   3.550000e-01 -1.647768e+00 -7.912916e+00
      vertex   -3.895000e+00 -1.647768e+00 -7.912916e+00
      vertex   3.550000e-01 -1.620546e+00 -7.684921e+00
    endloop
  endfacet
  facet normal 0.000000e+00 9.929476e-01 -1.185539e-01
    outer loop
      vertex   3.550000e-01 -1.620546e+00 -7.684921e+00
      vertex   -3.895000e+00 -1.647768e+00 -7.912916e+00
      vertex   -3.895000e+00 -1.620546e+00 -7.684921e+00
    endloop
  endfacet
  facet normal 0.000000e+00 9.679141e-01 -2.512813e-01
    outer loop
      vertex   3.550000e-01 -1.620546e+00 -7.684921e+00
      vertex   -3.895000e+00 -1.620546e+00 -7.684921e+00
      vertex   3.550000e-01 -1.562848e+00 -7.462673e+00
    endloop
  endfacet
  facet normal 5.056944e-17 9.679141e-01 -2.512813e-01
    outer loop
      vertex   3.550000e-01 -1.562848e+00 -7.462673e+00
      vertex   -3.895000e+00 -1.620546e+00 -7.684921e+00
      vertex   -3.895000e+00 -1.562848e+00 -7.462673e+00
    endloop
  endfacet
  facet normal 4.833899e-17 9.252227e-01 -3.794244e-01
    outer loop
      vertex   3.550000e-01 -1.562848e+00 -7.462673e+00
      vertex   -3.895000e+00 -1.562848e+00 -7.462673e+00
      vertex   3.550000e-01 -1.475727e+00 -7.250229e+00
    endloop
  endfacet
  facet normal -7.929332e-17 9.252227e-01 -3.794244e-01
    outer loop
      vertex   3.550000e-01 -1.475727e+00 -7.250229e+00
      vertex   -3.895000e+00 -1.562848e+00 -7.462673e+00
      vertex   -3.895000e+00 -1.475727e+00 -7.250229e+00
    endloop
  endfacet
  facet normal -1.046265e-16 8.656523e-01 -5.006457e-01
    outer loop
      vertex   3.550000e-01 -1.475727e+00 -7.250229e+00
      vertex   -3.895000e+00 -1.475727e+00 -7.250229e+00
      vertex   3.550000e-01 -1.360771e+00 -7.051462e+00
    endloop
  endfacet
  facet normal -7.357297e-17 8.656523e-01 -5.006457e-01
    outer loop
      vertex   3.550000e-01 -1.360771e+00 -7.051462e+00
      vertex   -3.895000e+00 -1.475727e+00 -7.250229e+00
      vertex   -3.895000e+00 -1.360771e+00 -7.051462e+00
    endloop
  endfacet
  facet normal -1.322341e-16 7.902896e-01 -6.127335e-01
    outer loop
      vertex   3.550000e-01 -1.360771e+00 -7.051462e+00
      vertex   -3.895000e+00 -1.360771e+00 -7.051462e+00
      vertex   -3.895000e+00 -1.220079e+00 -6.870000e+00
    endloop
  endfacet
  facet normal 0.000000e+00 7.902896e-01 -6.127335e-01
    outer loop
      vertex   -3.895000e+00 -1.220079e+00 -6.870000e+00
      vertex   4.605000e+00 -1.220079e+00 -6.870000e+00
      vertex   3.550000e-01 -1.360771e+00 -7.051462e+00
    endloop
  endfacet
  facet normal 0.000000e+00 7.902896e-01 -6.127335e-01
    outer loop
      vertex   3.550000e-01 -1.360771e+00 -7.051462e+00
      vertex   4.605000e+00 -1.220079e+00 -6.870000e+00
      vertex   4.605000e+00 -1.360771e+00 -7.051462e+00
    endloop
  endfacet
  facet normal 0.000000e+00 8.656523e-01 -5.006457e-01
    outer loop
      vertex   3.550000e-01 -1.360771e+00 -7.051462e+00
      vertex   4.605000e+00 -1.360771e+00 -7.051462e+00
      vertex   3.550000e-01 -1.475727e+00 -7.250229e+00
    endloop
  endfacet
  facet normal 0.000000e+00 8.656523e-01 -5.006457e-01
    outer loop
      vertex   3.550000e-01 -1.475727e+00 -7.250229e+00
      vertex   4.605000e+00 -1.360771e+00 -7.051462e+00
      vertex   4.605000e+00 -1.475727e+00 -7.250229e+00
    endloop
  endfacet
  facet normal 0.000000e+00 9.252227e-01 -3.794244e-01
    outer loop
      vertex   3.550000e-01 -1.475727e+00 -7.250229e+00
      vertex   4.605000e+00 -1.475727e+00 -7.250229e+00
      vertex   3.550000e-01 -1.562848e+00 -7.462673e+00
    endloop
  endfacet
  facet normal 0.000000e+00 9.252227e-01 -3.794244e-01
    outer loop
      vertex   3.550000e-01 -1.562848e+00 -7.462673e+00
      vertex   4.605000e+00 -1.475727e+00 -7.250229e+00
      vertex   4.605000e+00 -1.562848e+00 -7.462673e+00
    endloop
  endfacet
  facet normal 0.000000e+00 9.679141e-01 -2.512813e-01
    outer loop
      vertex   3.550000e-01 -1.562848e+00 -7.462673e+00
      vertex   4.605000e+00 -1.562848e+00 -7.462673e+00
      vertex   3.550000e-01 -1.620546e+00 -7.684921e+00
    endloop
  endfacet
  facet normal 0.000000e+00 9.679141e-01 -2.512813e-01
    outer loop
      vertex   3.550000e-01 -1.620546e+00 -7.684921e+00
      vertex   4.605000e+00 -1.562848e+00 -7.462673e+00
      vertex   4.605000e+00 -1.620546e+00 -7.684921e+00
    endloop
  endfacet
  facet normal 0.000000e+00 9.929476e-01 -1.185539e-01
    outer loop
      vertex   3.550000e-01 -1.620546e+00 -7.684921e+00
      vertex   4.605000e+00 -1.620546e+00 -7.684921e+00
      vertex   3.550000e-01 -1.647768e+00 -7.912916e+00
    endloop
  endfacet
  facet normal 4.955153e-17 9.929476e-01 -1.185539e-01
    outer loop
      vertex   3.550000e-01 -1.647768e+00 -7.912916e+00
      vertex   4.605000e+00 -1.620546e+00 -7.684921e+00
      vertex   4.605000e+00 -1.647768e+00 -7.912916e+00
    endloop
  endfacet
  facet normal -6.828011e-18 9.998666e-01 1.633627e-02
    outer loop
      vertex   3.550000e-01 -1.647768e+00 -7.912916e+00
      vertex   4.605000e+00 -1.647768e+00 -7.912916e+00
      vertex   3.550000e-01 -1.644017e+00 -8.142500e+00
    endloop
  endfacet
  facet normal -0.000000e+00 9.998666e-01 1.633627e-02
    outer loop
      vertex   3.550000e-01 -1.644017e+00 -8.142500e+00
      vertex   4.605000e+00 -1.647768e+00 -7.912916e+00
      vertex   4.605000e+00 -1.644017e+00 -8.142500e+00
    endloop
  endfacet
  facet normal -0.000000e+00 9.885447e-01 1.509284e-01
    outer loop
      vertex   3.550000e-01 -1.644017e+00 -8.142500e+00
      vertex   4.605000e+00 -1.644017e+00 -8.142500e+00
      vertex   3.550000e-01 -1.609362e+00 -8.369485e+00
    endloop
  endfacet
  facet normal -0.000000e+00 9.885447e-01 1.509284e-01
    outer loop
      vertex   3.550000e-01 -1.609362e+00 -8.369485e+00
      vertex   4.605000e+00 -1.644017e+00 -8.142500e+00
      vertex   4.605000e+00 -1.609362e+00 -8.369485e+00
    endloop
  endfacet
  facet normal -0.000000e+00 9.591886e-01 2.827671e-01
    outer loop
      vertex   3.550000e-01 -1.609362e+00 -8.369485e+00
      vertex   4.605000e+00 -1.609362e+00 -8.369485e+00
      vertex   3.550000e-01 -1.544434e+00 -8.589729e+00
    endloop
  endfacet
  facet normal -0.000000e+00 9.591886e-01 2.827671e-01
    outer loop
      vertex   3.550000e-01 -1.544434e+00 -8.589729e+00
      vertex   4.605000e+00 -1.609362e+00 -8.369485e+00
      vertex   4.605000e+00 -1.544434e+00 -8.589729e+00
    endloop
  endfacet
  facet normal -0.000000e+00 9.123338e-01 4.094473e-01
    outer loop
      vertex   3.550000e-01 -1.544434e+00 -8.589729e+00
      vertex   4.605000e+00 -1.544434e+00 -8.589729e+00
      vertex   3.550000e-01 -1.450419e+00 -8.799214e+00
    endloop
  endfacet
  facet normal 1.429968e-16 9.123338e-01 4.094473e-01
    outer loop
      vertex   3.550000e-01 -1.450419e+00 -8.799214e+00
      vertex   4.605000e+00 -1.544434e+00 -8.589729e+00
      vertex   4.605000e+00 -1.450419e+00 -8.799214e+00
    endloop
  endfacet
  facet normal 1.330442e-16 8.488351e-01 5.286578e-01
    outer loop
      vertex   3.550000e-01 -1.450419e+00 -8.799214e+00
      vertex   4.605000e+00 -1.450419e+00 -8.799214e+00
      vertex   3.550000e-01 -1.329031e+00 -8.994119e+00
    endloop
  endfacet
  facet normal -0.000000e+00 8.488351e-01 5.286578e-01
    outer loop
      vertex   3.550000e-01 -1.329031e+00 -8.994119e+00
      vertex   4.605000e+00 -1.450419e+00 -8.799214e+00
      vertex   4.605000e+00 -1.329031e+00 -8.994119e+00
    endloop
  endfacet
  facet normal -0.000000e+00 7.698509e-01 6.382238e-01
    outer loop
      vertex   3.550000e-01 -1.329031e+00 -8.994119e+00
      vertex   4.605000e+00 -1.329031e+00 -8.994119e+00
      vertex   3.550000e-01 -1.182486e+00 -9.170888e+00
    endloop
  endfacet
  facet normal -0.000000e+00 7.698509e-01 6.382238e-01
    outer loop
      vertex   3.550000e-01 -1.182486e+00 -9.170888e+00
      vertex   4.605000e+00 -1.329031e+00 -8.994119e+00
      vertex   4.605000e+00 -1.182486e+00 -9.170888e+00
    endloop
  endfacet
  facet normal -0.000000e+00 6.768221e-01 7.361466e-01
    outer loop
      vertex   3.550000e-01 -1.182486e+00 -9.170888e+00
      vertex   4.605000e+00 -1.182486e+00 -9.170888e+00
      vertex   3.550000e-01 -1.013456e+00 -9.326296e+00
    endloop
  endfacet
  facet normal -0.000000e+00 6.768221e-01 7.361466e-01
    outer loop
      vertex   3.550000e-01 -1.013456e+00 -9.326296e+00
      vertex   4.605000e+00 -1.182486e+00 -9.170888e+00
      vertex   4.605000e+00 -1.013456e+00 -9.326296e+00
    endloop
  endfacet
  facet normal -0.000000e+00 5.714459e-01 8.206397e-01
    outer loop
      vertex   3.550000e-01 -1.013456e+00 -9.326296e+00
      vertex   4.605000e+00 -1.013456e+00 -9.326296e+00
      vertex   3.550000e-01 -8.250247e-01 -9.457509e+00
    endloop
  endfacet
  facet normal -2.235772e-16 5.714459e-01 8.206397e-01
    outer loop
      vertex   3.550000e-01 -8.250247e-01 -9.457509e+00
      vertex   4.605000e+00 -1.013456e+00 -9.326296e+00
      vertex   4.605000e+00 -8.250247e-01 -9.457509e+00
    endloop
  endfacet
  facet normal -2.768356e-16 4.556447e-01 8.901617e-01
    outer loop
      vertex   3.550000e-01 -8.250247e-01 -9.457509e+00
      vertex   4.605000e+00 -8.250247e-01 -9.457509e+00
      vertex   3.550000e-01 -6.206304e-01 -9.562132e+00
    endloop
  endfacet
  facet normal 2.380552e-17 4.556447e-01 8.901617e-01
    outer loop
      vertex   3.550000e-01 -6.206304e-01 -9.562132e+00
      vertex   4.605000e+00 -8.250247e-01 -9.457509e+00
      vertex   4.605000e+00 -6.206304e-01 -9.562132e+00
    endloop
  endfacet
  facet normal 1.732110e-17 3.315310e-01 9.434443e-01
    outer loop
      vertex   3.550000e-01 -6.206304e-01 -9.562132e+00
      vertex   4.605000e+00 -6.206304e-01 -9.562132e+00
      vertex   3.550000e-01 -4.040017e-01 -9.638256e+00
    endloop
  endfacet
  facet normal -0.000000e+00 3.315310e-01 9.434443e-01
    outer loop
      vertex   3.550000e-01 -4.040017e-01 -9.638256e+00
      vertex   4.605000e+00 -6.206304e-01 -9.562132e+00
      vertex   4.605000e+00 -4.040017e-01 -9.638256e+00
    endloop
  endfacet
  facet normal -0.000000e+00 2.013692e-01 9.795154e-01
    outer loop
      vertex   3.550000e-01 -4.040017e-01 -9.638256e+00
      vertex   4.605000e+00 -4.040017e-01 -9.638256e+00
      vertex   3.550000e-01 -1.790905e-01 -9.684493e+00
    endloop
  endfacet
  facet normal 3.550734e-17 2.013692e-01 9.795154e-01
    outer loop
      vertex   3.550000e-01 -1.790905e-01 -9.684493e+00
      vertex   4.605000e+00 -4.040017e-01 -9.638256e+00
      vertex   4.605000e+00 -1.790905e-01 -9.684493e+00
    endloop
  endfacet
  facet normal 1.190819e-17 6.753375e-02 9.977170e-01
    outer loop
      vertex   3.550000e-01 -1.790905e-01 -9.684493e+00
      vertex   4.605000e+00 -1.790905e-01 -9.684493e+00
      vertex   3.550000e-01 5.000000e-02 -9.700000e+00
    endloop
  endfacet
  facet normal -6.064358e-18 6.753375e-02 9.977170e-01
    outer loop
      vertex   3.550000e-01 5.000000e-02 -9.700000e+00
      vertex   4.605000e+00 -1.790905e-01 -9.684493e+00
      vertex   4.605000e+00 5.000000e-02 -9.700000e+00
    endloop
  endfacet
  facet normal 6.064358e-18 -6.753375e-02 9.977170e-01
    outer loop
      vertex   3.550000e-01 5.000000e-02 -9.700000e+00
      vertex   4.605000e+00 5.000000e-02 -9.700000e+00
      vertex   3.550000e-01 2.790905e-01 -9.684493e+00
    endloop
  endfacet
  facet normal -6.174619e-18 -6.753375e-02 9.977170e-01
    outer loop
      vertex   3.550000e-01 2.790905e-01 -9.684493e+00
      vertex   4.605000e+00 5.000000e-02 -9.700000e+00
      vertex   4.605000e+00 2.790905e-01 -9.684493e+00
    endloop
  endfacet
  facet normal -1.841121e-17 -2.013692e-01 9.795154e-01
    outer loop
      vertex   3.550000e-01 2.790905e-01 -9.684493e+00
      vertex   4.605000e+00 2.790905e-01 -9.684493e+00
      vertex   3.550000e-01 5.040017e-01 -9.638256e+00
    endloop
  endfacet
  facet normal -5.260347e-17 -2.013692e-01 9.795154e-01
    outer loop
      vertex   3.550000e-01 5.040017e-01 -9.638256e+00
      vertex   4.605000e+00 2.790905e-01 -9.684493e+00
      vertex   4.605000e+00 5.040017e-01 -9.638256e+00
    endloop
  endfacet
  facet normal -8.660551e-17 -3.315310e-01 9.434443e-01
    outer loop
      vertex   3.550000e-01 5.040017e-01 -9.638256e+00
      vertex   4.605000e+00 5.040017e-01 -9.638256e+00
      vertex   3.550000e-01 7.206304e-01 -9.562132e+00
    endloop
  endfacet
  facet normal 0.000000e+00 -3.315310e-01 9.434443e-01
    outer loop
      vertex   3.550000e-01 7.206304e-01 -9.562132e+00
      vertex   4.605000e+00 5.040017e-01 -9.638256e+00
      vertex   4.605000e+00 7.206304e-01 -9.562132e+00
    endloop
  endfacet
  facet normal 0.000000e+00 -4.556447e-01 8.901617e-01
    outer loop
      vertex   3.550000e-01 7.206304e-01 -9.562132e+00
      vertex   4.605000e+00 7.206304e-01 -9.562132e+00
      vertex   3.550000e-01 9.250247e-01 -9.457509e+00
    endloop
  endfacet
  facet normal -5.951379e-17 -4.556447e-01 8.901617e-01
    outer loop
      vertex   3.550000e-01 9.250247e-01 -9.457509e+00
      vertex   4.605000e+00 7.206304e-01 -9.562132e+00
      vertex   4.605000e+00 9.250247e-01 -9.457509e+00
    endloop
  endfacet
  facet normal -7.463911e-17 -5.714459e-01 8.206397e-01
    outer loop
      vertex   3.550000e-01 9.250247e-01 -9.457509e+00
      vertex   4.605000e+00 9.250247e-01 -9.457509e+00
      vertex   3.550000e-01 1.113456e+00 -9.326296e+00
    endloop
  endfacet
  facet normal 3.131441e-16 -5.714459e-01 8.206397e-01
    outer loop
      vertex   3.550000e-01 1.113456e+00 -9.326296e+00
      vertex   4.605000e+00 9.250247e-01 -9.457509e+00
      vertex   4.605000e+00 1.113456e+00 -9.326296e+00
    endloop
  endfacet
  facet normal 2.723234e-16 -6.768221e-01 7.361466e-01
    outer loop
      vertex   3.550000e-01 1.113456e+00 -9.326296e+00
      vertex   4.605000e+00 1.113456e+00 -9.326296e+00
      vertex   3.550000e-01 1.282486e+00 -9.170888e+00
    endloop
  endfacet
  facet normal 0.000000e+00 -6.768221e-01 7.361466e-01
    outer loop
      vertex   3.550000e-01 1.282486e+00 -9.170888e+00
      vertex   4.605000e+00 1.113456e+00 -9.326296e+00
      vertex   4.605000e+00 1.282486e+00 -9.170888e+00
    endloop
  endfacet
  facet normal 0.000000e+00 -7.698509e-01 6.382238e-01
    outer loop
      vertex   3.550000e-01 1.282486e+00 -9.170888e+00
      vertex   4.605000e+00 1.282486e+00 -9.170888e+00
      vertex   3.550000e-01 1.429031e+00 -8.994119e+00
    endloop
  endfacet
  facet normal -1.206644e-16 -7.698509e-01 6.382238e-01
    outer loop
      vertex   3.550000e-01 1.429031e+00 -8.994119e+00
      vertex   4.605000e+00 1.282486e+00 -9.170888e+00
      vertex   4.605000e+00 1.429031e+00 -8.994119e+00
    endloop
  endfacet
  facet normal -1.330442e-16 -8.488351e-01 5.286578e-01
    outer loop
      vertex   3.550000e-01 1.429031e+00 -8.994119e+00
      vertex   4.605000e+00 1.429031e+00 -8.994119e+00
      vertex   3.550000e-01 1.550419e+00 -8.799214e+00
    endloop
  endfacet
  facet normal 0.000000e+00 -8.488351e-01 5.286578e-01
    outer loop
      vertex   3.550000e-01 1.550419e+00 -8.799214e+00
      vertex   4.605000e+00 1.429031e+00 -8.994119e+00
      vertex   4.605000e+00 1.550419e+00 -8.799214e+00
    endloop
  endfacet
  facet normal 0.000000e+00 -9.123338e-01 4.094473e-01
    outer loop
      vertex   3.550000e-01 1.550419e+00 -8.799214e+00
      vertex   4.605000e+00 1.550419e+00 -8.799214e+00
      vertex   3.550000e-01 1.644434e+00 -8.589729e+00
    endloop
  endfacet
  facet normal -9.533120e-17 -9.123338e-01 4.094473e-01
    outer loop
      vertex   3.550000e-01 1.644434e+00 -8.589729e+00
      vertex   4.605000e+00 1.550419e+00 -8.799214e+00
      vertex   4.605000e+00 1.644434e+00 -8.589729e+00
    endloop
  endfacet
  facet normal -1.002271e-16 -9.591886e-01 2.827671e-01
    outer loop
      vertex   3.550000e-01 1.644434e+00 -8.589729e+00
      vertex   4.605000e+00 1.644434e+00 -8.589729e+00
      vertex   3.550000e-01 1.709362e+00 -8.369485e+00
    endloop
  endfacet
  facet normal -5.011357e-17 -9.591886e-01 2.827671e-01
    outer loop
      vertex   3.550000e-01 1.709362e+00 -8.369485e+00
      vertex   4.605000e+00 1.644434e+00 -8.589729e+00
      vertex   4.605000e+00 1.709362e+00 -8.369485e+00
    endloop
  endfacet
  facet normal -5.164730e-17 -9.885447e-01 1.509284e-01
    outer loop
      vertex   3.550000e-01 1.709362e+00 -8.369485e+00
      vertex   4.605000e+00 1.709362e+00 -8.369485e+00
      vertex   3.550000e-01 1.744017e+00 -8.142500e+00
    endloop
  endfacet
  facet normal 0.000000e+00 -9.885447e-01 1.509284e-01
    outer loop
      vertex   3.550000e-01 1.744017e+00 -8.142500e+00
      vertex   4.605000e+00 1.709362e+00 -8.369485e+00
      vertex   4.605000e+00 1.744017e+00 -8.142500e+00
    endloop
  endfacet
  facet normal 0.000000e+00 -9.998666e-01 1.633627e-02
    outer loop
      vertex   3.550000e-01 1.744017e+00 -8.142500e+00
      vertex   4.605000e+00 1.744017e+00 -8.142500e+00
      vertex   3.550000e-01 1.747768e+00 -7.912916e+00
    endloop
  endfacet
  facet normal 1.078916e-16 -9.998666e-01 1.633627e-02
    outer loop
      vertex   3.550000e-01 1.747768e+00 -7.912916e+00
      vertex   4.605000e+00 1.744017e+00 -8.142500e+00
      vertex   4.605000e+00 1.747768e+00 -7.912916e+00
    endloop
  endfacet
  facet normal 7.897890e-17 -9.929476e-01 -1.185539e-01
    outer loop
      vertex   3.550000e-01 1.747768e+00 -7.912916e+00
      vertex   4.605000e+00 1.747768e+00 -7.912916e+00
      vertex   3.550000e-01 1.720546e+00 -7.684921e+00
    endloop
  endfacet
  facet normal -2.477577e-17 -9.929476e-01 -1.185539e-01
    outer loop
      vertex   3.550000e-01 1.720546e+00 -7.684921e+00
      vertex   4.605000e+00 1.747768e+00 -7.912916e+00
      vertex   4.605000e+00 1.720546e+00 -7.684921e+00
    endloop
  endfacet
  facet normal -5.251355e-17 -9.679141e-01 -2.512813e-01
    outer loop
      vertex   3.550000e-01 1.720546e+00 -7.684921e+00
      vertex   4.605000e+00 1.720546e+00 -7.684921e+00
      vertex   3.550000e-01 1.662848e+00 -7.462673e+00
    endloop
  endfacet
  facet normal -5.251355e-17 -9.679141e-01 -2.512813e-01
    outer loop
      vertex   3.550000e-01 1.662848e+00 -7.462673e+00
      vertex   4.605000e+00 1.720546e+00 -7.684921e+00
      vertex   4.605000e+00 1.662848e+00 -7.462673e+00
    endloop
  endfacet
  facet normal -7.929332e-17 -9.252227e-01 -3.794244e-01
    outer loop
      vertex   3.550000e-01 1.662848e+00 -7.462673e+00
      vertex   4.605000e+00 1.662848e+00 -7.462673e+00
      vertex   3.550000e-01 1.575727e+00 -7.250229e+00
    endloop
  endfacet
  facet normal 1.140627e-16 -9.252227e-01 -3.794244e-01
    outer loop
      vertex   3.550000e-01 1.575727e+00 -7.250229e+00
      vertex   4.605000e+00 1.662848e+00 -7.462673e+00
      vertex   4.605000e+00 1.575727e+00 -7.250229e+00
    endloop
  endfacet
  facet normal 7.628023e-17 -8.656523e-01 -5.006457e-01
    outer loop
      vertex   3.550000e-01 1.575727e+00 -7.250229e+00
      vertex   4.605000e+00 1.575727e+00 -7.250229e+00
      vertex   3.550000e-01 1.460771e+00 -7.051462e+00
    endloop
  endfacet
  facet normal 0.000000e+00 -8.656523e-01 -5.006457e-01
    outer loop
      vertex   3.550000e-01 1.460771e+00 -7.051462e+00
      vertex   4.605000e+00 1.575727e+00 -7.250229e+00
      vertex   4.605000e+00 1.460771e+00 -7.051462e+00
    endloop
  endfacet
  facet normal 0.000000e+00 -7.902896e-01 -6.127335e-01
    outer loop
      vertex   3.550000e-01 1.460771e+00 -7.051462e+00
      vertex   4.605000e+00 1.460771e+00 -7.051462e+00
      vertex   4.605000e+00 1.320079e+00 -6.870000e+00
    endloop
  endfacet
  facet normal 0.000000e+00 -1.000000e+00 0.000000e+00
    outer loop
      vertex   4.605000e+00 -4.450000e+00 -7.800000e+01
      vertex   4.605000e+00 -4.450000e+00 -8.000000e+00
      vertex   -3.895000e+00 -4.450000e+00 -7.800000e+01
    endloop
  endfacet
  facet normal 0.000000e+00 -1.000000e+00 0.000000e+00
    outer loop
      vertex   -3.895000e+00 -4.450000e+00 -7.800000e+01
      vertex   4.605000e+00 -4.450000e+00 -8.000000e+00
      vertex   -3.895000e+00 -4.450000e+00 -8.000000e+00
    endloop
  endfacet
  facet normal 0.000000e+00 0.000000e+00 -1.000000e+00
    outer loop
      vertex   -2.145000e+00 -2.450000e+00 -7.800000e+01
      vertex   -3.895000e+00 4.550000e+00 -7.800000e+01
      vertex   -2.145000e+00 2.550000e+00 -7.800000e+01
    endloop
  endfacet
  facet normal 0.000000e+00 0.000000e+00 -1.000000e+00
    outer loop
      vertex   -2.145000e+00 2.550000e+00 -7.800000e+01
      vertex   -3.895000e+00 4.550000e+00 -7.800000e+01
      vertex   4.605000e+00 4.550000e+00 -7.800000e+01
    endloop
  endfacet
  facet normal 0.000000e+00 0.000000e+00 -1.000000e+00
    outer loop
      vertex   -2.145000e+00 2.550000e+00 -7.800000e+01
      vertex   4.605000e+00 4.550000e+00 -7.800000e+01
      vertex   2.855000e+00 2.550000e+00 -7.800000e+01
    endloop
  endfacet
  facet normal 0.000000e+00 0.000000e+00 -1.000000e+00
    outer loop
      vertex   2.855000e+00 2.550000e+00 -7.800000e+01
      vertex   4.605000e+00 4.550000e+00 -7.800000e+01
      vertex   4.605000e+00 -4.450000e+00 -7.800000e+01
    endloop
  endfacet
  facet normal 0.000000e+00 0.000000e+00 -1.000000e+00
    outer loop
      vertex   2.855000e+00 2.550000e+00 -7.800000e+01
      vertex   4.605000e+00 -4.450000e+00 -7.800000e+01
      vertex   2.855000e+00 -2.450000e+00 -7.800000e+01
    endloop
  endfacet
  facet normal -0.000000e+00 -0.000000e+00 -1.000000e+00
    outer loop
      vertex   2.855000e+00 -2.450000e+00 -7.800000e+01
      vertex   4.605000e+00 -4.450000e+00 -7.800000e+01
      vertex   -2.145000e+00 -2.450000e+00 -7.800000e+01
    endloop
  endfacet
  facet normal 0.000000e+00 -0.000000e+00 -1.000000e+00
    outer loop
      vertex   -2.145000e+00 -2.450000e+00 -7.800000e+01
      vertex   4.605000e+00 -4.450000e+00 -7.800000e+01
      vertex   -3.895000e+00 -4.450000e+00 -7.800000e+01
    endloop
  endfacet
  facet normal -0.000000e+00 0.000000e+00 -1.000000e+00
    outer loop
      vertex   -2.145000e+00 -2.450000e+00 -7.800000e+01
      vertex   -3.895000e+00 -4.450000e+00 -7.800000e+01
      vertex   -3.895000e+00 4.550000e+00 -7.800000e+01
    endloop
  endfacet
  facet normal 0.000000e+00 1.000000e+00 0.000000e+00
    outer loop
      vertex   4.605000e+00 4.550000e+00 -8.000000e+00
      vertex   4.605000e+00 4.550000e+00 -7.800000e+01
      vertex   -3.895000e+00 4.550000e+00 -8.000000e+00
    endloop
  endfacet
  facet normal 0.000000e+00 1.000000e+00 0.000000e+00
    outer loop
      vertex   -3.895000e+00 4.550000e+00 -8.000000e+00
      vertex   4.605000e+00 4.550000e+00 -7.800000e+01
      vertex   -3.895000e+00 4.550000e+00 -7.800000e+01
    endloop
  endfacet
  facet normal 0.000000e+00 -9.991458e-01 4.132515e-02
    outer loop
      vertex   -3.895000e+00 -4.450000e+00 -8.000000e+00
      vertex   4.605000e+00 -4.450000e+00 -8.000000e+00
      vertex   -3.895000e+00 -4.434630e+00 -7.628393e+00
    endloop
  endfacet
  facet normal 9.144793e-17 -9.991458e-01 4.132515e-02
    outer loop
      vertex   -3.895000e+00 -4.434630e+00 -7.628393e+00
      vertex   4.605000e+00 -4.450000e+00 -8.000000e+00
      vertex   4.605000e+00 -4.434630e+00 -7.628393e+00
    endloop
  endfacet
  facet normal 6.491463e-17 -9.923206e-01 1.236926e-01
    outer loop
      vertex   -3.895000e+00 -4.434630e+00 -7.628393e+00
      vertex   4.605000e+00 -4.434630e+00 -7.628393e+00
      vertex   -3.895000e+00 -4.388626e+00 -7.259324e+00
    endloop
  endfacet
  facet normal 0.000000e+00 -9.923206e-01 1.236926e-01
    outer loop
      vertex   -3.895000e+00 -4.388626e+00 -7.259324e+00
      vertex   4.605000e+00 -4.434630e+00 -7.628393e+00
      vertex   4.605000e+00 -4.388626e+00 -7.259324e+00
    endloop
  endfacet
  facet normal 0.000000e+00 -9.787168e-01 2.052153e-01
    outer loop
      vertex   -3.895000e+00 -4.388626e+00 -7.259324e+00
      vertex   4.605000e+00 -4.388626e+00 -7.259324e+00
      vertex   -3.895000e+00 -4.312301e+00 -6.895315e+00
    endloop
  endfacet
  facet normal 5.938112e-17 -9.787168e-01 2.052153e-01
    outer loop
      vertex   -3.895000e+00 -4.312301e+00 -6.895315e+00
      vertex   4.605000e+00 -4.388626e+00 -7.259324e+00
      vertex   4.605000e+00 -4.312301e+00 -6.895315e+00
    endloop
  endfacet
  facet normal 4.051714e-17 -9.584275e-01 2.853362e-01
    outer loop
      vertex   -3.895000e+00 -4.312301e+00 -6.895315e+00
      vertex   4.605000e+00 -4.312301e+00 -6.895315e+00
      vertex   -3.895000e+00 -4.206178e+00 -6.538852e+00
    endloop
  endfacet
  facet normal 0.000000e+00 -9.584275e-01 2.853362e-01
    outer loop
      vertex   -3.895000e+00 -4.206178e+00 -6.538852e+00
      vertex   4.605000e+00 -4.312301e+00 -6.895315e+00
      vertex   4.605000e+00 -4.206178e+00 -6.538852e+00
    endloop
  endfacet
  facet normal 0.000000e+00 -9.315911e-01 3.635080e-01
    outer loop
      vertex   -3.895000e+00 -4.206178e+00 -6.538852e+00
      vertex   4.605000e+00 -4.206178e+00 -6.538852e+00
      vertex   -3.895000e+00 -4.070980e+00 -6.192371e+00
    endloop
  endfacet
  facet normal 2.137638e-17 -9.315911e-01 3.635080e-01
    outer loop
      vertex   -3.895000e+00 -4.070980e+00 -6.192371e+00
      vertex   4.605000e+00 -4.206178e+00 -6.538852e+00
      vertex   4.605000e+00 -4.070980e+00 -6.192371e+00
    endloop
  endfacet
  facet normal 2.089602e-18 -8.983910e-01 4.391966e-01
    outer loop
      vertex   -3.895000e+00 -4.070980e+00 -6.192371e+00
      vertex   4.605000e+00 -4.070980e+00 -6.192371e+00
      vertex   -3.895000e+00 -3.907632e+00 -5.858237e+00
    endloop
  endfacet
  facet normal 0.000000e+00 -8.983910e-01 4.391966e-01
    outer loop
      vertex   -3.895000e+00 -3.907632e+00 -5.858237e+00
      vertex   4.605000e+00 -4.070980e+00 -6.192371e+00
      vertex   4.605000e+00 -3.907632e+00 -5.858237e+00
    endloop
  endfacet
  facet normal 0.000000e+00 -8.590540e-01 5.118850e-01
    outer loop
      vertex   -3.895000e+00 -3.907632e+00 -5.858237e+00
      vertex   4.605000e+00 -3.907632e+00 -5.858237e+00
      vertex   -3.895000e+00 -3.717249e+00 -5.538733e+00
    endloop
  endfacet
  facet normal 0.000000e+00 -8.590540e-01 5.118850e-01
    outer loop
      vertex   -3.895000e+00 -3.717249e+00 -5.538733e+00
      vertex   4.605000e+00 -3.907632e+00 -5.858237e+00
      vertex   4.605000e+00 -3.717249e+00 -5.538733e+00
    endloop
  endfacet
  facet normal 0.000000e+00 -8.138487e-01 5.810768e-01
    outer loop
      vertex   -3.895000e+00 -3.717249e+00 -5.538733e+00
      vertex   4.605000e+00 -3.717249e+00 -5.538733e+00
      vertex   -3.895000e+00 -3.501132e+00 -5.236043e+00
    endloop
  endfacet
  facet normal -3.639493e-17 -8.138487e-01 5.810768e-01
    outer loop
      vertex   -3.895000e+00 -3.501132e+00 -5.236043e+00
      vertex   4.605000e+00 -3.717249e+00 -5.538733e+00
      vertex   4.605000e+00 -3.501132e+00 -5.236043e+00
    endloop
  endfacet
  facet normal -5.532980e-17 -7.630841e-01 6.462992e-01
    outer loop
      vertex   -3.895000e+00 -3.501132e+00 -5.236043e+00
      vertex   4.605000e+00 -3.501132e+00 -5.236043e+00
      vertex   -3.895000e+00 -3.260758e+00 -4.952233e+00
    endloop
  endfacet
  facet normal 0.000000e+00 -7.630841e-01 6.462992e-01
    outer loop
      vertex   -3.895000e+00 -3.260758e+00 -4.952233e+00
      vertex   4.605000e+00 -3.501132e+00 -5.236043e+00
      vertex   4.605000e+00 -3.260758e+00 -4.952233e+00
    endloop
  endfacet
  facet normal 0.000000e+00 -7.071068e-01 7.071068e-01
    outer loop
      vertex   -3.895000e+00 -3.260758e+00 -4.952233e+00
      vertex   4.605000e+00 -3.260758e+00 -4.952233e+00
      vertex   -3.895000e+00 -2.997767e+00 -4.689242e+00
    endloop
  endfacet
  facet normal 0.000000e+00 -7.071068e-01 7.071068e-01
    outer loop
      vertex   -3.895000e+00 -2.997767e+00 -4.689242e+00
      vertex   4.605000e+00 -3.260758e+00 -4.952233e+00
      vertex   4.605000e+00 -2.997767e+00 -4.689242e+00
    endloop
  endfacet
  facet normal 0.000000e+00 -6.462992e-01 7.630841e-01
    outer loop
      vertex   -3.895000e+00 -2.997767e+00 -4.689242e+00
      vertex   4.605000e+00 -2.997767e+00 -4.689242e+00
      vertex   -3.895000e+00 -2.713957e+00 -4.448868e+00
    endloop
  endfacet
  facet normal 0.000000e+00 -6.462992e-01 7.630841e-01
    outer loop
      vertex   -3.895000e+00 -2.713957e+00 -4.448868e+00
      vertex   4.605000e+00 -2.997767e+00 -4.689242e+00
      vertex   4.605000e+00 -2.713957e+00 -4.448868e+00
    endloop
  endfacet
  facet normal 0.000000e+00 -5.810768e-01 8.138487e-01
    outer loop
      vertex   -3.895000e+00 -2.713957e+00 -4.448868e+00
      vertex   4.605000e+00 -2.713957e+00 -4.448868e+00
      vertex   -3.895000e+00 -2.411267e+00 -4.232751e+00
    endloop
  endfacet
  facet normal -4.864541e-17 -5.810768e-01 8.138487e-01
    outer loop
      vertex   -3.895000e+00 -2.411267e+00 -4.232751e+00
      vertex   4.605000e+00 -2.713957e+00 -4.448868e+00
      vertex   4.605000e+00 -2.411267e+00 -4.232751e+00
    endloop
  endfacet
  facet normal -7.255245e-17 -5.118850e-01 8.590540e-01
    outer loop
      vertex   -3.895000e+00 -2.411267e+00 -4.232751e+00
      vertex   4.605000e+00 -2.411267e+00 -4.232751e+00
      vertex   -3.895000e+00 -2.091763e+00 -4.042368e+00
    endloop
  endfacet
  facet normal 0.000000e+00 -5.118850e-01 8.590540e-01
    outer loop
      vertex   -3.895000e+00 -2.091763e+00 -4.042368e+00
      vertex   4.605000e+00 -2.411267e+00 -4.232751e+00
      vertex   4.605000e+00 -2.091763e+00 -4.042368e+00
    endloop
  endfacet
  facet normal 0.000000e+00 -4.391966e-01 8.983910e-01
    outer loop
      vertex   -3.895000e+00 -2.091763e+00 -4.042368e+00
      vertex   4.605000e+00 -2.091763e+00 -4.042368e+00
      vertex   -3.895000e+00 -1.757629e+00 -3.879020e+00
    endloop
  endfacet
  facet normal 1.042829e-17 -4.391966e-01 8.983910e-01
    outer loop
      vertex   -3.895000e+00 -1.757629e+00 -3.879020e+00
      vertex   4.605000e+00 -2.091763e+00 -4.042368e+00
      vertex   4.605000e+00 -1.757629e+00 -3.879020e+00
    endloop
  endfacet
  facet normal -1.192310e-18 -3.635080e-01 9.315911e-01
    outer loop
      vertex   -3.895000e+00 -1.757629e+00 -3.879020e+00
      vertex   4.605000e+00 -1.757629e+00 -3.879020e+00
      vertex   -3.895000e+00 -1.411148e+00 -3.743822e+00
    endloop
  endfacet
  facet normal -2.967995e-17 -3.635080e-01 9.315911e-01
    outer loop
      vertex   -3.895000e+00 -1.411148e+00 -3.743822e+00
      vertex   4.605000e+00 -1.757629e+00 -3.879020e+00
      vertex   4.605000e+00 -1.411148e+00 -3.743822e+00
    endloop
  endfacet
  facet normal -3.516618e-17 -2.853362e-01 9.584275e-01
    outer loop
      vertex   -3.895000e+00 -1.411148e+00 -3.743822e+00
      vertex   4.605000e+00 -1.411148e+00 -3.743822e+00
      vertex   -3.895000e+00 -1.054685e+00 -3.637699e+00
    endloop
  endfacet
  facet normal 2.981523e-17 -2.853362e-01 9.584275e-01
    outer loop
      vertex   -3.895000e+00 -1.054685e+00 -3.637699e+00
      vertex   4.605000e+00 -1.411148e+00 -3.743822e+00
      vertex   4.605000e+00 -1.054685e+00 -3.637699e+00
    endloop
  endfacet
  facet normal 2.144328e-17 -2.052153e-01 9.787168e-01
    outer loop
      vertex   -3.895000e+00 -1.054685e+00 -3.637699e+00
      vertex   4.605000e+00 -1.054685e+00 -3.637699e+00
      vertex   -3.895000e+00 -6.906757e-01 -3.561374e+00
    endloop
  endfacet
  facet normal 2.412368e-17 -2.052153e-01 9.787168e-01
    outer loop
      vertex   -3.895000e+00 -6.906757e-01 -3.561374e+00
      vertex   4.605000e+00 -1.054685e+00 -3.637699e+00
      vertex   4.605000e+00 -6.906757e-01 -3.561374e+00
    endloop
  endfacet
  facet normal 1.454044e-17 -1.236926e-01 9.923206e-01
    outer loop
      vertex   -3.895000e+00 -6.906757e-01 -3.561374e+00
      vertex   4.605000e+00 -6.906757e-01 -3.561374e+00
      vertex   -3.895000e+00 -3.216071e-01 -3.515370e+00
    endloop
  endfacet
  facet normal 0.000000e+00 -1.236926e-01 9.923206e-01
    outer loop
      vertex   -3.895000e+00 -3.216071e-01 -3.515370e+00
      vertex   4.605000e+00 -6.906757e-01 -3.561374e+00
      vertex   4.605000e+00 -3.216071e-01 -3.515370e+00
    endloop
  endfacet
  facet normal 0.000000e+00 -4.132497e-02 9.991458e-01
    outer loop
      vertex   -3.895000e+00 -3.216071e-01 -3.515370e+00
      vertex   4.605000e+00 -3.216071e-01 -3.515370e+00
      vertex   -3.895000e+00 5.000000e-02 -3.500000e+00
    endloop
  endfacet
  facet normal 0.000000e+00 -4.132497e-02 9.991458e-01
    outer loop
      vertex   -3.895000e+00 5.000000e-02 -3.500000e+00
      vertex   4.605000e+00 -3.216071e-01 -3.515370e+00
      vertex   4.605000e+00 5.000000e-02 -3.500000e+00
    endloop
  endfacet
  facet normal -0.000000e+00 4.132497e-02 9.991458e-01
    outer loop
      vertex   -3.895000e+00 5.000000e-02 -3.500000e+00
      vertex   4.605000e+00 5.000000e-02 -3.500000e+00
      vertex   -3.895000e+00 4.216071e-01 -3.515370e+00
    endloop
  endfacet
  facet normal -0.000000e+00 4.132497e-02 9.991458e-01
    outer loop
      vertex   -3.895000e+00 4.216071e-01 -3.515370e+00
      vertex   4.605000e+00 5.000000e-02 -3.500000e+00
      vertex   4.605000e+00 4.216071e-01 -3.515370e+00
    endloop
  endfacet
  facet normal -0.000000e+00 1.236926e-01 9.923206e-01
    outer loop
      vertex   -3.895000e+00 4.216071e-01 -3.515370e+00
      vertex   4.605000e+00 4.216071e-01 -3.515370e+00
      vertex   -3.895000e+00 7.906757e-01 -3.561374e+00
    endloop
  endfacet
  facet normal -1.292484e-17 1.236926e-01 9.923206e-01
    outer loop
      vertex   -3.895000e+00 7.906757e-01 -3.561374e+00
      vertex   4.605000e+00 4.216071e-01 -3.515370e+00
      vertex   4.605000e+00 7.906757e-01 -3.561374e+00
    endloop
  endfacet
  facet normal -2.144328e-17 2.052153e-01 9.787168e-01
    outer loop
      vertex   -3.895000e+00 7.906757e-01 -3.561374e+00
      vertex   4.605000e+00 7.906757e-01 -3.561374e+00
      vertex   -3.895000e+00 1.154685e+00 -3.637699e+00
    endloop
  endfacet
  facet normal -2.144328e-17 2.052153e-01 9.787168e-01
    outer loop
      vertex   -3.895000e+00 1.154685e+00 -3.637699e+00
      vertex   4.605000e+00 7.906757e-01 -3.561374e+00
      vertex   4.605000e+00 1.154685e+00 -3.637699e+00
    endloop
  endfacet
  facet normal -2.981523e-17 2.853362e-01 9.584275e-01
    outer loop
      vertex   -3.895000e+00 1.154685e+00 -3.637699e+00
      vertex   4.605000e+00 1.154685e+00 -3.637699e+00
      vertex   -3.895000e+00 1.511148e+00 -3.743822e+00
    endloop
  endfacet
  facet normal -2.236142e-17 2.853362e-01 9.584275e-01
    outer loop
      vertex   -3.895000e+00 1.511148e+00 -3.743822e+00
      vertex   4.605000e+00 1.154685e+00 -3.637699e+00
      vertex   4.605000e+00 1.511148e+00 -3.743822e+00
    endloop
  endfacet
  facet normal -2.848764e-17 3.635080e-01 9.315911e-01
    outer loop
      vertex   -3.895000e+00 1.511148e+00 -3.743822e+00
      vertex   4.605000e+00 1.511148e+00 -3.743822e+00
      vertex   -3.895000e+00 1.857629e+00 -3.879020e+00
    endloop
  endfacet
  facet normal 1.192310e-18 3.635080e-01 9.315911e-01
    outer loop
      vertex   -3.895000e+00 1.857629e+00 -3.879020e+00
      vertex   4.605000e+00 1.511148e+00 -3.743822e+00
      vertex   4.605000e+00 1.857629e+00 -3.879020e+00
    endloop
  endfacet
  facet normal -1.042829e-17 4.391966e-01 8.983910e-01
    outer loop
      vertex   -3.895000e+00 1.857629e+00 -3.879020e+00
      vertex   4.605000e+00 1.857629e+00 -3.879020e+00
      vertex   -3.895000e+00 2.191763e+00 -4.042368e+00
    endloop
  endfacet
  facet normal -4.589234e-17 4.391966e-01 8.983910e-01
    outer loop
      vertex   -3.895000e+00 2.191763e+00 -4.042368e+00
      vertex   4.605000e+00 1.857629e+00 -3.879020e+00
      vertex   4.605000e+00 2.191763e+00 -4.042368e+00
    endloop
  endfacet
  facet normal -5.348768e-17 5.118850e-01 8.590540e-01
    outer loop
      vertex   -3.895000e+00 2.191763e+00 -4.042368e+00
      vertex   4.605000e+00 2.191763e+00 -4.042368e+00
      vertex   -3.895000e+00 2.511267e+00 -4.232751e+00
    endloop
  endfacet
  facet normal 9.532389e-18 5.118850e-01 8.590540e-01
    outer loop
      vertex   -3.895000e+00 2.511267e+00 -4.232751e+00
      vertex   4.605000e+00 2.191763e+00 -4.042368e+00
      vertex   4.605000e+00 2.511267e+00 -4.232751e+00
    endloop
  endfacet
  facet normal -6.036113e-18 5.810768e-01 8.138487e-01
    outer loop
      vertex   -3.895000e+00 2.511267e+00 -4.232751e+00
      vertex   4.605000e+00 2.511267e+00 -4.232751e+00
      vertex   -3.895000e+00 2.813957e+00 -4.448868e+00
    endloop
  endfacet
  facet normal -6.071763e-17 5.810768e-01 8.138487e-01
    outer loop
      vertex   -3.895000e+00 2.813957e+00 -4.448868e+00
      vertex   4.605000e+00 2.511267e+00 -4.232751e+00
      vertex   4.605000e+00 2.813957e+00 -4.448868e+00
    endloop
  endfacet
  facet normal -6.753283e-17 6.462992e-01 7.630841e-01
    outer loop
      vertex   -3.895000e+00 2.813957e+00 -4.448868e+00
      vertex   4.605000e+00 2.813957e+00 -4.448868e+00
      vertex   -3.895000e+00 3.097767e+00 -4.689242e+00
    endloop
  endfacet
  facet normal 1.220303e-17 6.462992e-01 7.630841e-01
    outer loop
      vertex   -3.895000e+00 3.097767e+00 -4.689242e+00
      vertex   4.605000e+00 2.813957e+00 -4.448868e+00
      vertex   4.605000e+00 3.097767e+00 -4.689242e+00
    endloop
  endfacet
  facet normal 0.000000e+00 7.071068e-01 7.071068e-01
    outer loop
      vertex   -3.895000e+00 3.097767e+00 -4.689242e+00
      vertex   4.605000e+00 3.097767e+00 -4.689242e+00
      vertex   -3.895000e+00 3.360758e+00 -4.952233e+00
    endloop
  endfacet
  facet normal -0.000000e+00 7.071068e-01 7.071068e-01
    outer loop
      vertex   -3.895000e+00 3.360758e+00 -4.952233e+00
      vertex   4.605000e+00 3.097767e+00 -4.689242e+00
      vertex   4.605000e+00 3.360758e+00 -4.952233e+00
    endloop
  endfacet
  facet normal -0.000000e+00 7.630841e-01 6.462992e-01
    outer loop
      vertex   -3.895000e+00 3.360758e+00 -4.952233e+00
      vertex   4.605000e+00 3.360758e+00 -4.952233e+00
      vertex   -3.895000e+00 3.601132e+00 -5.236043e+00
    endloop
  endfacet
  facet normal -3.986793e-17 7.630841e-01 6.462992e-01
    outer loop
      vertex   -3.895000e+00 3.601132e+00 -5.236043e+00
      vertex   4.605000e+00 3.360758e+00 -4.952233e+00
      vertex   4.605000e+00 3.601132e+00 -5.236043e+00
    endloop
  endfacet
  facet normal -4.252017e-17 8.138487e-01 5.810768e-01
    outer loop
      vertex   -3.895000e+00 3.601132e+00 -5.236043e+00
      vertex   4.605000e+00 3.601132e+00 -5.236043e+00
      vertex   -3.895000e+00 3.817249e+00 -5.538733e+00
    endloop
  endfacet
  facet normal -0.000000e+00 8.138487e-01 5.810768e-01
    outer loop
      vertex   -3.895000e+00 3.817249e+00 -5.538733e+00
      vertex   4.605000e+00 3.601132e+00 -5.236043e+00
      vertex   4.605000e+00 3.817249e+00 -5.538733e+00
    endloop
  endfacet
  facet normal -0.000000e+00 8.590540e-01 5.118850e-01
    outer loop
      vertex   -3.895000e+00 3.817249e+00 -5.538733e+00
      vertex   4.605000e+00 3.817249e+00 -5.538733e+00
      vertex   -3.895000e+00 4.007632e+00 -5.858237e+00
    endloop
  endfacet
  facet normal -0.000000e+00 8.590540e-01 5.118850e-01
    outer loop
      vertex   -3.895000e+00 4.007632e+00 -5.858237e+00
      vertex   4.605000e+00 3.817249e+00 -5.538733e+00
      vertex   4.605000e+00 4.007632e+00 -5.858237e+00
    endloop
  endfacet
  facet normal -0.000000e+00 8.983910e-01 4.391966e-01
    outer loop
      vertex   -3.895000e+00 4.007632e+00 -5.858237e+00
      vertex   4.605000e+00 4.007632e+00 -5.858237e+00
      vertex   -3.895000e+00 4.170980e+00 -6.192371e+00
    endloop
  endfacet
  facet normal -4.798195e-17 8.983910e-01 4.391966e-01
    outer loop
      vertex   -3.895000e+00 4.170980e+00 -6.192371e+00
      vertex   4.605000e+00 4.007632e+00 -5.858237e+00
      vertex   4.605000e+00 4.170980e+00 -6.192371e+00
    endloop
  endfacet
  facet normal -5.935990e-17 9.315911e-01 3.635080e-01
    outer loop
      vertex   -3.895000e+00 4.170980e+00 -6.192371e+00
      vertex   4.605000e+00 4.170980e+00 -6.192371e+00
      vertex   -3.895000e+00 4.306178e+00 -6.538852e+00
    endloop
  endfacet
  facet normal -5.935990e-17 9.315911e-01 3.635080e-01
    outer loop
      vertex   -3.895000e+00 4.306178e+00 -6.538852e+00
      vertex   4.605000e+00 4.170980e+00 -6.192371e+00
      vertex   4.605000e+00 4.306178e+00 -6.538852e+00
    endloop
  endfacet
  facet normal -7.033237e-17 9.584275e-01 2.853362e-01
    outer loop
      vertex   -3.895000e+00 4.306178e+00 -6.538852e+00
      vertex   4.605000e+00 4.306178e+00 -6.538852e+00
      vertex   -3.895000e+00 4.412301e+00 -6.895315e+00
    endloop
  endfacet
  facet normal 5.963047e-17 9.584275e-01 2.853362e-01
    outer loop
      vertex   -3.895000e+00 4.412301e+00 -6.895315e+00
      vertex   4.605000e+00 4.306178e+00 -6.538852e+00
      vertex   4.605000e+00 4.412301e+00 -6.895315e+00
    endloop
  endfacet
  facet normal 4.288655e-17 9.787168e-01 2.052153e-01
    outer loop
      vertex   -3.895000e+00 4.412301e+00 -6.895315e+00
      vertex   4.605000e+00 4.412301e+00 -6.895315e+00
      vertex   -3.895000e+00 4.488626e+00 -7.259324e+00
    endloop
  endfacet
  facet normal -8.082439e-17 9.787168e-01 2.052153e-01
    outer loop
      vertex   -3.895000e+00 4.488626e+00 -7.259324e+00
      vertex   4.605000e+00 4.412301e+00 -6.895315e+00
      vertex   4.605000e+00 4.488626e+00 -7.259324e+00
    endloop
  endfacet
  facet normal -9.076431e-17 9.923206e-01 1.236926e-01
    outer loop
      vertex   -3.895000e+00 4.488626e+00 -7.259324e+00
      vertex   4.605000e+00 4.488626e+00 -7.259324e+00
      vertex   -3.895000e+00 4.534630e+00 -7.628393e+00
    endloop
  endfacet
  facet normal 1.292484e-17 9.923206e-01 1.236926e-01
    outer loop
      vertex   -3.895000e+00 4.534630e+00 -7.628393e+00
      vertex   4.605000e+00 4.488626e+00 -7.259324e+00
      vertex   4.605000e+00 4.534630e+00 -7.628393e+00
    endloop
  endfacet
  facet normal 4.318093e-18 9.991458e-01 4.132479e-02
    outer loop
      vertex   -3.895000e+00 4.534630e+00 -7.628393e+00
      vertex   4.605000e+00 4.534630e+00 -7.628393e+00
      vertex   -3.895000e+00 4.550000e+00 -8.000000e+00
    endloop
  endfacet
  facet normal -0.000000e+00 9.991458e-01 4.132479e-02
    outer loop
      vertex   -3.895000e+00 4.550000e+00 -8.000000e+00
      vertex   4.605000e+00 4.534630e+00 -7.628393e+00
      vertex   4.605000e+00 4.550000e+00 -8.000000e+00
    endloop
  endfacet
  facet normal 1.000000e+00 0.000000e+00 -0.000000e+00
    outer loop
      vertex   4.605000e+00 1.460771e+00 -7.051462e+00
      vertex   4.605000e+00 4.412301e+00 -6.895315e+00
      vertex   4.605000e+00 1.320079e+00 -6.870000e+00
    endloop
  endfacet
  facet normal 1.000000e+00 -0.000000e+00 0.000000e+00
    outer loop
      vertex   4.605000e+00 1.320079e+00 -6.870000e+00
      vertex   4.605000e+00 4.412301e+00 -6.895315e+00
      vertex   4.605000e+00 4.306178e+00 -6.538852e+00
    endloop
  endfacet
  facet normal 1.000000e+00 0.000000e+00 0.000000e+00
    outer loop
      vertex   4.605000e+00 1.320079e+00 -6.870000e+00
      vertex   4.605000e+00 4.306178e+00 -6.538852e+00
      vertex   4.605000e+00 3.817249e+00 -5.538733e+00
    endloop
  endfacet
  facet normal 1.000000e+00 0.000000e+00 0.000000e+00
    outer loop
      vertex   4.605000e+00 3.817249e+00 -5.538733e+00
      vertex   4.605000e+00 4.306178e+00 -6.538852e+00
      vertex   4.605000e+00 4.007632e+00 -5.858237e+00
    endloop
  endfacet
  facet normal 1.000000e+00 0.000000e+00 0.000000e+00
    outer loop
      vertex   4.605000e+00 4.007632e+00 -5.858237e+00
      vertex   4.605000e+00 4.306178e+00 -6.538852e+00
      vertex   4.605000e+00 4.170980e+00 -6.192371e+00
    endloop
  endfacet
  facet normal 1.000000e+00 0.000000e+00 0.000000e+00
    outer loop
      vertex   4.605000e+00 4.412301e+00 -6.895315e+00
      vertex   4.605000e+00 1.460771e+00 -7.051462e+00
      vertex   4.605000e+00 4.488626e+00 -7.259324e+00
    endloop
  endfacet
  facet normal 1.000000e+00 0.000000e+00 0.000000e+00
    outer loop
      vertex   4.605000e+00 4.488626e+00 -7.259324e+00
      vertex   4.605000e+00 1.460771e+00 -7.051462e+00
      vertex   4.605000e+00 1.575727e+00 -7.250229e+00
    endloop
  endfacet
  facet normal 1.000000e+00 0.000000e+00 0.000000e+00
    outer loop
      vertex   4.605000e+00 4.488626e+00 -7.259324e+00
      vertex   4.605000e+00 1.575727e+00 -7.250229e+00
      vertex   4.605000e+00 1.662848e+00 -7.462673e+00
    endloop
  endfacet
  facet normal 1.000000e+00 0.000000e+00 0.000000e+00
    outer loop
      vertex   4.605000e+00 4.488626e+00 -7.259324e+00
      vertex   4.605000e+00 1.662848e+00 -7.462673e+00
      vertex   4.605000e+00 4.534630e+00 -7.628393e+00
    endloop
  endfacet
  facet normal 1.000000e+00 0.000000e+00 0.000000e+00
    outer loop
      vertex   4.605000e+00 4.534630e+00 -7.628393e+00
      vertex   4.605000e+00 1.662848e+00 -7.462673e+00
      vertex   4.605000e+00 1.720546e+00 -7.684921e+00
    endloop
  endfacet
  facet normal 1.000000e+00 0.000000e+00 0.000000e+00
    outer loop
      vertex   4.605000e+00 4.534630e+00 -7.628393e+00
      vertex   4.605000e+00 1.720546e+00 -7.684921e+00
      vertex   4.605000e+00 4.550000e+00 -8.000000e+00
    endloop
  endfacet
  facet normal 1.000000e+00 0.000000e+00 0.000000e+00
    outer loop
      vertex   4.605000e+00 4.550000e+00 -8.000000e+00
      vertex   4.605000e+00 1.720546e+00 -7.684921e+00
      vertex   4.605000e+00 1.747768e+00 -7.912916e+00
    endloop
  endfacet
  facet normal 1.000000e+00 0.000000e+00 0.000000e+00
    outer loop
      vertex   4.605000e+00 4.550000e+00 -8.000000e+00
      vertex   4.605000e+00 1.747768e+00 -7.912916e+00
      vertex   4.605000e+00 1.744017e+00 -8.142500e+00
    endloop
  endfacet
  facet normal 1.000000e+00 0.000000e+00 0.000000e+00
    outer loop
      vertex   4.605000e+00 4.550000e+00 -8.000000e+00
      vertex   4.605000e+00 1.744017e+00 -8.142500e+00
      vertex   4.605000e+00 4.550000e+00 -7.800000e+01
    endloop
  endfacet
  facet normal 1.000000e+00 0.000000e+00 0.000000e+00
    outer loop
      vertex   4.605000e+00 4.550000e+00 -7.800000e+01
      vertex   4.605000e+00 1.744017e+00 -8.142500e+00
      vertex   4.605000e+00 1.709362e+00 -8.369485e+00
    endloop
  endfacet
  facet normal 1.000000e+00 0.000000e+00 0.000000e+00
    outer loop
      vertex   4.605000e+00 4.550000e+00 -7.800000e+01
      vertex   4.605000e+00 1.709362e+00 -8.369485e+00
      vertex   4.605000e+00 1.644434e+00 -8.589729e+00
    endloop
  endfacet
  facet normal 1.000000e+00 0.000000e+00 0.000000e+00
    outer loop
      vertex   4.605000e+00 1.644434e+00 -8.589729e+00
      vertex   4.605000e+00 1.550419e+00 -8.799214e+00
      vertex   4.605000e+00 4.550000e+00 -7.800000e+01
    endloop
  endfacet
  facet normal 1.000000e+00 0.000000e+00 0.000000e+00
    outer loop
      vertex   4.605000e+00 4.550000e+00 -7.800000e+01
      vertex   4.605000e+00 1.550419e+00 -8.799214e+00
      vertex   4.605000e+00 1.429031e+00 -8.994119e+00
    endloop
  endfacet
  facet normal 1.000000e+00 0.000000e+00 0.000000e+00
    outer loop
      vertex   4.605000e+00 4.550000e+00 -7.800000e+01
      vertex   4.605000e+00 1.429031e+00 -8.994119e+00
      vertex   4.605000e+00 1.282486e+00 -9.170888e+00
    endloop
  endfacet
  facet normal 1.000000e+00 0.000000e+00 0.000000e+00
    outer loop
      vertex   4.605000e+00 1.282486e+00 -9.170888e+00
      vertex   4.605000e+00 1.113456e+00 -9.326296e+00
      vertex   4.605000e+00 4.550000e+00 -7.800000e+01
    endloop
  endfacet
  facet normal 1.000000e+00 0.000000e+00 0.000000e+00
    outer loop
      vertex   4.605000e+00 4.550000e+00 -7.800000e+01
      vertex   4.605000e+00 1.113456e+00 -9.326296e+00
      vertex   4.605000e+00 9.250247e-01 -9.457509e+00
    endloop
  endfacet
  facet normal 1.000000e+00 0.000000e+00 0.000000e+00
    outer loop
      vertex   4.605000e+00 4.550000e+00 -7.800000e+01
      vertex   4.605000e+00 9.250247e-01 -9.457509e+00
      vertex   4.605000e+00 7.206304e-01 -9.562132e+00
    endloop
  endfacet
  facet normal 1.000000e+00 0.000000e+00 0.000000e+00
    outer loop
      vertex   4.605000e+00 7.206304e-01 -9.562132e+00
      vertex   4.605000e+00 5.040017e-01 -9.638256e+00
      vertex   4.605000e+00 4.550000e+00 -7.800000e+01
    endloop
  endfacet
  facet normal 1.000000e+00 0.000000e+00 0.000000e+00
    outer loop
      vertex   4.605000e+00 4.550000e+00 -7.800000e+01
      vertex   4.605000e+00 5.040017e-01 -9.638256e+00
      vertex   4.605000e+00 2.790905e-01 -9.684493e+00
    endloop
  endfacet
  facet normal 1.000000e+00 0.000000e+00 0.000000e+00
    outer loop
      vertex   4.605000e+00 4.550000e+00 -7.800000e+01
      vertex   4.605000e+00 2.790905e-01 -9.684493e+00
      vertex   4.605000e+00 5.000000e-02 -9.700000e+00
    endloop
  endfacet
  facet normal 1.000000e+00 0.000000e+00 0.000000e+00
    outer loop
      vertex   4.605000e+00 4.550000e+00 -7.800000e+01
      vertex   4.605000e+00 5.000000e-02 -9.700000e+00
      vertex   4.605000e+00 -4.450000e+00 -7.800000e+01
    endloop
  endfacet
  facet normal 1.000000e+00 0.000000e+00 0.000000e+00
    outer loop
      vertex   4.605000e+00 -4.450000e+00 -7.800000e+01
      vertex   4.605000e+00 5.000000e-02 -9.700000e+00
      vertex   4.605000e+00 -1.790905e-01 -9.684493e+00
    endloop
  endfacet
  facet normal 1.000000e+00 0.000000e+00 0.000000e+00
    outer loop
      vertex   4.605000e+00 -4.450000e+00 -7.800000e+01
      vertex   4.605000e+00 -1.790905e-01 -9.684493e+00
      vertex   4.605000e+00 -4.040017e-01 -9.638256e+00
    endloop
  endfacet
  facet normal 1.000000e+00 0.000000e+00 0.000000e+00
    outer loop
      vertex   4.605000e+00 -4.040017e-01 -9.638256e+00
      vertex   4.605000e+00 -6.206304e-01 -9.562132e+00
      vertex   4.605000e+00 -4.450000e+00 -7.800000e+01
    endloop
  endfacet
  facet normal 1.000000e+00 0.000000e+00 0.000000e+00
    outer loop
      vertex   4.605000e+00 -4.450000e+00 -7.800000e+01
      vertex   4.605000e+00 -6.206304e-01 -9.562132e+00
      vertex   4.605000e+00 -8.250247e-01 -9.457509e+00
    endloop
  endfacet
  facet normal 1.000000e+00 0.000000e+00 0.000000e+00
    outer loop
      vertex   4.605000e+00 -4.450000e+00 -7.800000e+01
      vertex   4.605000e+00 -8.250247e-01 -9.457509e+00
      vertex   4.605000e+00 -1.013456e+00 -9.326296e+00
    endloop
  endfacet
  facet normal 1.000000e+00 0.000000e+00 0.000000e+00
    outer loop
      vertex   4.605000e+00 -1.013456e+00 -9.326296e+00
      vertex   4.605000e+00 -1.182486e+00 -9.170888e+00
      vertex   4.605000e+00 -4.450000e+00 -7.800000e+01
    endloop
  endfacet
  facet normal 1.000000e+00 0.000000e+00 0.000000e+00
    outer loop
      vertex   4.605000e+00 -4.450000e+00 -7.800000e+01
      vertex   4.605000e+00 -1.182486e+00 -9.170888e+00
      vertex   4.605000e+00 -1.329031e+00 -8.994119e+00
    endloop
  endfacet
  facet normal 1.000000e+00 0.000000e+00 0.000000e+00
    outer loop
      vertex   4.605000e+00 -4.450000e+00 -7.800000e+01
      vertex   4.605000e+00 -1.329031e+00 -8.994119e+00
      vertex   4.605000e+00 -1.450419e+00 -8.799214e+00
    endloop
  endfacet
  facet normal 1.000000e+00 0.000000e+00 0.000000e+00
    outer loop
      vertex   4.605000e+00 -1.450419e+00 -8.799214e+00
      vertex   4.605000e+00 -1.544434e+00 -8.589729e+00
      vertex   4.605000e+00 -4.450000e+00 -7.800000e+01
    endloop
  endfacet
  facet normal 1.000000e+00 0.000000e+00 0.000000e+00
    outer loop
      vertex   4.605000e+00 -4.450000e+00 -7.800000e+01
      vertex   4.605000e+00 -1.544434e+00 -8.589729e+00
      vertex   4.605000e+00 -1.609362e+00 -8.369485e+00
    endloop
  endfacet
  facet normal 1.000000e+00 0.000000e+00 0.000000e+00
    outer loop
      vertex   4.605000e+00 -4.450000e+00 -7.800000e+01
      vertex   4.605000e+00 -1.609362e+00 -8.369485e+00
      vertex   4.605000e+00 -1.644017e+00 -8.142500e+00
    endloop
  endfacet
  facet normal 1.000000e+00 0.000000e+00 0.000000e+00
    outer loop
      vertex   4.605000e+00 -4.450000e+00 -7.800000e+01
      vertex   4.605000e+00 -1.644017e+00 -8.142500e+00
      vertex   4.605000e+00 -4.450000e+00 -8.000000e+00
    endloop
  endfacet
  facet normal 1.000000e+00 -0.000000e+00 0.000000e+00
    outer loop
      vertex   4.605000e+00 -4.450000e+00 -8.000000e+00
      vertex   4.605000e+00 -1.644017e+00 -8.142500e+00
      vertex   4.605000e+00 -1.647768e+00 -7.912916e+00
    endloop
  endfacet
  facet normal 1.000000e+00 0.000000e+00 0.000000e+00
    outer loop
      vertex   4.605000e+00 -4.450000e+00 -8.000000e+00
      vertex   4.605000e+00 -1.647768e+00 -7.912916e+00
      vertex   4.605000e+00 -1.620546e+00 -7.684921e+00
    endloop
  endfacet
  facet normal 1.000000e+00 0.000000e+00 0.000000e+00
    outer loop
      vertex   4.605000e+00 -1.562848e+00 -7.462673e+00
      vertex   4.605000e+00 -1.757629e+00 -3.879020e+00
      vertex   4.605000e+00 -1.620546e+00 -7.684921e+00
    endloop
  endfacet
  facet normal 1.000000e+00 0.000000e+00 0.000000e+00
    outer loop
      vertex   4.605000e+00 -1.620546e+00 -7.684921e+00
      vertex   4.605000e+00 -1.757629e+00 -3.879020e+00
      vertex   4.605000e+00 -2.091763e+00 -4.042368e+00
    endloop
  endfacet
  facet normal 1.000000e+00 0.000000e+00 0.000000e+00
    outer loop
      vertex   4.605000e+00 -1.620546e+00 -7.684921e+00
      vertex   4.605000e+00 -2.091763e+00 -4.042368e+00
      vertex   4.605000e+00 -2.411267e+00 -4.232751e+00
    endloop
  endfacet
  facet normal 1.000000e+00 0.000000e+00 -0.000000e+00
    outer loop
      vertex   4.605000e+00 -1.562848e+00 -7.462673e+00
      vertex   4.605000e+00 -1.475727e+00 -7.250229e+00
      vertex   4.605000e+00 -1.757629e+00 -3.879020e+00
    endloop
  endfacet
  facet normal 1.000000e+00 -0.000000e+00 0.000000e+00
    outer loop
      vertex   4.605000e+00 -1.757629e+00 -3.879020e+00
      vertex   4.605000e+00 -1.475727e+00 -7.250229e+00
      vertex   4.605000e+00 -1.411148e+00 -3.743822e+00
    endloop
  endfacet
  facet normal 1.000000e+00 0.000000e+00 0.000000e+00
    outer loop
      vertex   4.605000e+00 -1.411148e+00 -3.743822e+00
      vertex   4.605000e+00 -1.475727e+00 -7.250229e+00
      vertex   4.605000e+00 -1.360771e+00 -7.051462e+00
    endloop
  endfacet
  facet normal 1.000000e+00 0.000000e+00 0.000000e+00
    outer loop
      vertex   4.605000e+00 -1.411148e+00 -3.743822e+00
      vertex   4.605000e+00 -1.360771e+00 -7.051462e+00
      vertex   4.605000e+00 -1.220079e+00 -6.870000e+00
    endloop
  endfacet
  facet normal 1.000000e+00 0.000000e+00 0.000000e+00
    outer loop
      vertex   4.605000e+00 1.320079e+00 -6.870000e+00
      vertex   4.605000e+00 5.000000e-02 -3.500000e+00
      vertex   4.605000e+00 -1.220079e+00 -6.870000e+00
    endloop
  endfacet
  facet normal 1.000000e+00 0.000000e+00 0.000000e+00
    outer loop
      vertex   4.605000e+00 -1.220079e+00 -6.870000e+00
      vertex   4.605000e+00 5.000000e-02 -3.500000e+00
      vertex   4.605000e+00 -3.216071e-01 -3.515370e+00
    endloop
  endfacet
  facet normal 1.000000e+00 0.000000e+00 0.000000e+00
    outer loop
      vertex   4.605000e+00 -1.220079e+00 -6.870000e+00
      vertex   4.605000e+00 -3.216071e-01 -3.515370e+00
      vertex   4.605000e+00 -6.906757e-01 -3.561374e+00
    endloop
  endfacet
  facet normal 1.000000e+00 0.000000e+00 0.000000e+00
    outer loop
      vertex   4.605000e+00 3.817249e+00 -5.538733e+00
      vertex   4.605000e+00 3.601132e+00 -5.236043e+00
      vertex   4.605000e+00 1.320079e+00 -6.870000e+00
    endloop
  endfacet
  facet normal 1.000000e+00 0.000000e+00 0.000000e+00
    outer loop
      vertex   4.605000e+00 1.320079e+00 -6.870000e+00
      vertex   4.605000e+00 3.601132e+00 -5.236043e+00
      vertex   4.605000e+00 3.360758e+00 -4.952233e+00
    endloop
  endfacet
  facet normal 1.000000e+00 0.000000e+00 0.000000e+00
    outer loop
      vertex   4.605000e+00 1.320079e+00 -6.870000e+00
      vertex   4.605000e+00 3.360758e+00 -4.952233e+00
      vertex   4.605000e+00 3.097767e+00 -4.689242e+00
    endloop
  endfacet
  facet normal 1.000000e+00 0.000000e+00 0.000000e+00
    outer loop
      vertex   4.605000e+00 3.097767e+00 -4.689242e+00
      vertex   4.605000e+00 2.813957e+00 -4.448868e+00
      vertex   4.605000e+00 1.320079e+00 -6.870000e+00
    endloop
  endfacet
  facet normal 1.000000e+00 0.000000e+00 0.000000e+00
    outer loop
      vertex   4.605000e+00 1.320079e+00 -6.870000e+00
      vertex   4.605000e+00 2.813957e+00 -4.448868e+00
      vertex   4.605000e+00 2.511267e+00 -4.232751e+00
    endloop
  endfacet
  facet normal 1.000000e+00 0.000000e+00 0.000000e+00
    outer loop
      vertex   4.605000e+00 1.320079e+00 -6.870000e+00
      vertex   4.605000e+00 2.511267e+00 -4.232751e+00
      vertex   4.605000e+00 2.191763e+00 -4.042368e+00
    endloop
  endfacet
  facet normal 1.000000e+00 0.000000e+00 0.000000e+00
    outer loop
      vertex   4.605000e+00 2.191763e+00 -4.042368e+00
      vertex   4.605000e+00 1.857629e+00 -3.879020e+00
      vertex   4.605000e+00 1.320079e+00 -6.870000e+00
    endloop
  endfacet
  facet normal 1.000000e+00 0.000000e+00 0.000000e+00
    outer loop
      vertex   4.605000e+00 1.320079e+00 -6.870000e+00
      vertex   4.605000e+00 1.857629e+00 -3.879020e+00
      vertex   4.605000e+00 1.511148e+00 -3.743822e+00
    endloop
  endfacet
  facet normal 1.000000e+00 0.000000e+00 -0.000000e+00
    outer loop
      vertex   4.605000e+00 1.320079e+00 -6.870000e+00
      vertex   4.605000e+00 1.511148e+00 -3.743822e+00
      vertex   4.605000e+00 1.154685e+00 -3.637699e+00
    endloop
  endfacet
  facet normal 1.000000e+00 0.000000e+00 0.000000e+00
    outer loop
      vertex   4.605000e+00 1.154685e+00 -3.637699e+00
      vertex   4.605000e+00 7.906757e-01 -3.561374e+00
      vertex   4.605000e+00 1.320079e+00 -6.870000e+00
    endloop
  endfacet
  facet normal 1.000000e+00 0.000000e+00 0.000000e+00
    outer loop
      vertex   4.605000e+00 1.320079e+00 -6.870000e+00
      vertex   4.605000e+00 7.906757e-01 -3.561374e+00
      vertex   4.605000e+00 4.216071e-01 -3.515370e+00
    endloop
  endfacet
  facet normal 1.000000e+00 0.000000e+00 0.000000e+00
    outer loop
      vertex   4.605000e+00 1.320079e+00 -6.870000e+00
      vertex   4.605000e+00 4.216071e-01 -3.515370e+00
      vertex   4.605000e+00 5.000000e-02 -3.500000e+00
    endloop
  endfacet
  facet normal 1.000000e+00 0.000000e+00 0.000000e+00
    outer loop
      vertex   4.605000e+00 -6.906757e-01 -3.561374e+00
      vertex   4.605000e+00 -1.054685e+00 -3.637699e+00
      vertex   4.605000e+00 -1.220079e+00 -6.870000e+00
    endloop
  endfacet
  facet normal 1.000000e+00 0.000000e+00 -0.000000e+00
    outer loop
      vertex   4.605000e+00 -1.220079e+00 -6.870000e+00
      vertex   4.605000e+00 -1.054685e+00 -3.637699e+00
      vertex   4.605000e+00 -1.411148e+00 -3.743822e+00
    endloop
  endfacet
  facet normal 1.000000e+00 0.000000e+00 0.000000e+00
    outer loop
      vertex   4.605000e+00 -2.411267e+00 -4.232751e+00
      vertex   4.605000e+00 -2.713957e+00 -4.448868e+00
      vertex   4.605000e+00 -1.620546e+00 -7.684921e+00
    endloop
  endfacet
  facet normal 1.000000e+00 0.000000e+00 0.000000e+00
    outer loop
      vertex   4.605000e+00 -1.620546e+00 -7.684921e+00
      vertex   4.605000e+00 -2.713957e+00 -4.448868e+00
      vertex   4.605000e+00 -2.997767e+00 -4.689242e+00
    endloop
  endfacet
  facet normal 1.000000e+00 0.000000e+00 0.000000e+00
    outer loop
      vertex   4.605000e+00 -1.620546e+00 -7.684921e+00
      vertex   4.605000e+00 -2.997767e+00 -4.689242e+00
      vertex   4.605000e+00 -3.260758e+00 -4.952233e+00
    endloop
  endfacet
  facet normal 1.000000e+00 0.000000e+00 0.000000e+00
    outer loop
      vertex   4.605000e+00 -3.260758e+00 -4.952233e+00
      vertex   4.605000e+00 -3.501132e+00 -5.236043e+00
      vertex   4.605000e+00 -1.620546e+00 -7.684921e+00
    endloop
  endfacet
  facet normal 1.000000e+00 0.000000e+00 0.000000e+00
    outer loop
      vertex   4.605000e+00 -1.620546e+00 -7.684921e+00
      vertex   4.605000e+00 -3.501132e+00 -5.236043e+00
      vertex   4.605000e+00 -4.434630e+00 -7.628393e+00
    endloop
  endfacet
  facet normal 1.000000e+00 0.000000e+00 0.000000e+00
    outer loop
      vertex   4.605000e+00 -1.620546e+00 -7.684921e+00
      vertex   4.605000e+00 -4.434630e+00 -7.628393e+00
      vertex   4.605000e+00 -4.450000e+00 -8.000000e+00
    endloop
  endfacet
  facet normal 1.000000e+00 0.000000e+00 0.000000e+00
    outer loop
      vertex   4.605000e+00 -3.501132e+00 -5.236043e+00
      vertex   4.605000e+00 -3.717249e+00 -5.538733e+00
      vertex   4.605000e+00 -4.434630e+00 -7.628393e+00
    endloop
  endfacet
  facet normal 1.000000e+00 0.000000e+00 0.000000e+00
    outer loop
      vertex   4.605000e+00 -4.434630e+00 -7.628393e+00
      vertex   4.605000e+00 -3.717249e+00 -5.538733e+00
      vertex   4.605000e+00 -3.907632e+00 -5.858237e+00
    endloop
  endfacet
  facet normal 1.000000e+00 0.000000e+00 0.000000e+00
    outer loop
      vertex   4.605000e+00 -4.434630e+00 -7.628393e+00
      vertex   4.605000e+00 -3.907632e+00 -5.858237e+00
      vertex   4.605000e+00 -4.070980e+00 -6.192371e+00
    endloop
  endfacet
  facet normal 1.000000e+00 0.000000e+00 0.000000e+00
    outer loop
      vertex   4.605000e+00 -4.070980e+00 -6.192371e+00
      vertex   4.605000e+00 -4.206178e+00 -6.538852e+00
      vertex   4.605000e+00 -4.434630e+00 -7.628393e+00
    endloop
  endfacet
  facet normal 1.000000e+00 0.000000e+00 0.000000e+00
    outer loop
      vertex   4.605000e+00 -4.434630e+00 -7.628393e+00
      vertex   4.605000e+00 -4.206178e+00 -6.538852e+00
      vertex   4.605000e+00 -4.312301e+00 -6.895315e+00
    endloop
  endfacet
  facet normal 1.000000e+00 0.000000e+00 0.000000e+00
    outer loop
      vertex   4.605000e+00 -4.434630e+00 -7.628393e+00
      vertex   4.605000e+00 -4.312301e+00 -6.895315e+00
      vertex   4.605000e+00 -4.388626e+00 -7.259324e+00
    endloop
  endfacet
  facet normal -1.000000e+00 0.000000e+00 0.000000e+00
    outer loop
      vertex   -3.895000e+00 -1.360771e+00 -7.051462e+00
      vertex   -3.895000e+00 -4.312301e+00 -6.895315e+00
      vertex   -3.895000e+00 -1.220079e+00 -6.870000e+00
    endloop
  endfacet
  facet normal -1.000000e+00 -0.000000e+00 0.000000e+00
    outer loop
      vertex   -3.895000e+00 -1.220079e+00 -6.870000e+00
      vertex   -3.895000e+00 -4.312301e+00 -6.895315e+00
      vertex   -3.895000e+00 -4.206178e+00 -6.538852e+00
    endloop
  endfacet
  facet normal -1.000000e+00 0.000000e+00 0.000000e+00
    outer loop
      vertex   -3.895000e+00 -1.220079e+00 -6.870000e+00
      vertex   -3.895000e+00 -4.206178e+00 -6.538852e+00
      vertex   -3.895000e+00 -3.717249e+00 -5.538733e+00
    endloop
  endfacet
  facet normal -1.000000e+00 0.000000e+00 0.000000e+00
    outer loop
      vertex   -3.895000e+00 -3.717249e+00 -5.538733e+00
      vertex   -3.895000e+00 -4.206178e+00 -6.538852e+00
      vertex   -3.895000e+00 -3.907632e+00 -5.858237e+00
    endloop
  endfacet
  facet normal -1.000000e+00 0.000000e+00 0.000000e+00
    outer loop
      vertex   -3.895000e+00 -3.907632e+00 -5.858237e+00
      vertex   -3.895000e+00 -4.206178e+00 -6.538852e+00
      vertex   -3.895000e+00 -4.070980e+00 -6.192371e+00
    endloop
  endfacet
  facet normal -1.000000e+00 0.000000e+00 -0.000000e+00
    outer loop
      vertex   -3.895000e+00 -4.312301e+00 -6.895315e+00
      vertex   -3.895000e+00 -1.360771e+00 -7.051462e+00
      vertex   -3.895000e+00 -4.388626e+00 -7.259324e+00
    endloop
  endfacet
  facet normal -1.000000e+00 0.000000e+00 0.000000e+00
    outer loop
      vertex   -3.895000e+00 -4.388626e+00 -7.259324e+00
      vertex   -3.895000e+00 -1.360771e+00 -7.051462e+00
      vertex   -3.895000e+00 -1.475727e+00 -7.250229e+00
    endloop
  endfacet
  facet normal -1.000000e+00 0.000000e+00 0.000000e+00
    outer loop
      vertex   -3.895000e+00 -4.388626e+00 -7.259324e+00
      vertex   -3.895000e+00 -1.475727e+00 -7.250229e+00
      vertex   -3.895000e+00 -1.562848e+00 -7.462673e+00
    endloop
  endfacet
  facet normal -1.000000e+00 0.000000e+00 -0.000000e+00
    outer loop
      vertex   -3.895000e+00 -4.388626e+00 -7.259324e+00
      vertex   -3.895000e+00 -1.562848e+00 -7.462673e+00
      vertex   -3.895000e+00 -4.434630e+00 -7.628393e+00
    endloop
  endfacet
  facet normal -1.000000e+00 0.000000e+00 0.000000e+00
    outer loop
      vertex   -3.895000e+00 -4.434630e+00 -7.628393e+00
      vertex   -3.895000e+00 -1.562848e+00 -7.462673e+00
      vertex   -3.895000e+00 -1.620546e+00 -7.684921e+00
    endloop
  endfacet
  facet normal -1.000000e+00 0.000000e+00 -0.000000e+00
    outer loop
      vertex   -3.895000e+00 -4.434630e+00 -7.628393e+00
      vertex   -3.895000e+00 -1.620546e+00 -7.684921e+00
      vertex   -3.895000e+00 -4.450000e+00 -8.000000e+00
    endloop
  endfacet
  facet normal -1.000000e+00 0.000000e+00 0.000000e+00
    outer loop
      vertex   -3.895000e+00 -4.450000e+00 -8.000000e+00
      vertex   -3.895000e+00 -1.620546e+00 -7.684921e+00
      vertex   -3.895000e+00 -1.647768e+00 -7.912916e+00
    endloop
  endfacet
  facet normal -1.000000e+00 0.000000e+00 0.000000e+00
    outer loop
      vertex   -3.895000e+00 -4.450000e+00 -8.000000e+00
      vertex   -3.895000e+00 -1.647768e+00 -7.912916e+00
      vertex   -3.895000e+00 -1.644017e+00 -8.142500e+00
    endloop
  endfacet
  facet normal -1.000000e+00 0.000000e+00 0.000000e+00
    outer loop
      vertex   -3.895000e+00 -4.450000e+00 -8.000000e+00
      vertex   -3.895000e+00 -1.644017e+00 -8.142500e+00
      vertex   -3.895000e+00 -4.450000e+00 -7.800000e+01
    endloop
  endfacet
  facet normal -1.000000e+00 0.000000e+00 0.000000e+00
    outer loop
      vertex   -3.895000e+00 -4.450000e+00 -7.800000e+01
      vertex   -3.895000e+00 -1.644017e+00 -8.142500e+00
      vertex   -3.895000e+00 -1.609362e+00 -8.369485e+00
    endloop
  endfacet
  facet normal -1.000000e+00 0.000000e+00 0.000000e+00
    outer loop
      vertex   -3.895000e+00 -4.450000e+00 -7.800000e+01
      vertex   -3.895000e+00 -1.609362e+00 -8.369485e+00
      vertex   -3.895000e+00 -1.544434e+00 -8.589729e+00
    endloop
  endfacet
  facet normal -1.000000e+00 0.000000e+00 -0.000000e+00
    outer loop
      vertex   -3.895000e+00 -1.544434e+00 -8.589729e+00
      vertex   -3.895000e+00 -1.450419e+00 -8.799214e+00
      vertex   -3.895000e+00 -4.450000e+00 -7.800000e+01
    endloop
  endfacet
  facet normal -1.000000e+00 0.000000e+00 0.000000e+00
    outer loop
      vertex   -3.895000e+00 -4.450000e+00 -7.800000e+01
      vertex   -3.895000e+00 -1.450419e+00 -8.799214e+00
      vertex   -3.895000e+00 -1.329031e+00 -8.994119e+00
    endloop
  endfacet
  facet normal -1.000000e+00 0.000000e+00 0.000000e+00
    outer loop
      vertex   -3.895000e+00 -4.450000e+00 -7.800000e+01
      vertex   -3.895000e+00 -1.329031e+00 -8.994119e+00
      vertex   -3.895000e+00 -1.182486e+00 -9.170888e+00
    endloop
  endfacet
  facet normal -1.000000e+00 0.000000e+00 -0.000000e+00
    outer loop
      vertex   -3.895000e+00 -1.182486e+00 -9.170888e+00
      vertex   -3.895000e+00 -1.013456e+00 -9.326296e+00
      vertex   -3.895000e+00 -4.450000e+00 -7.800000e+01
    endloop
  endfacet
  facet normal -1.000000e+00 0.000000e+00 0.000000e+00
    outer loop
      vertex   -3.895000e+00 -4.450000e+00 -7.800000e+01
      vertex   -3.895000e+00 -1.013456e+00 -9.326296e+00
      vertex   -3.895000e+00 -8.250247e-01 -9.457509e+00
    endloop
  endfacet
  facet normal -1.000000e+00 0.000000e+00 0.000000e+00
    outer loop
      vertex   -3.895000e+00 -4.450000e+00 -7.800000e+01
      vertex   -3.895000e+00 -8.250247e-01 -9.457509e+00
      vertex   -3.895000e+00 -6.206304e-01 -9.562132e+00
    endloop
  endfacet
  facet normal -1.000000e+00 0.000000e+00 -0.000000e+00
    outer loop
      vertex   -3.895000e+00 -6.206304e-01 -9.562132e+00
      vertex   -3.895000e+00 -4.040017e-01 -9.638256e+00
      vertex   -3.895000e+00 -4.450000e+00 -7.800000e+01
    endloop
  endfacet
  facet normal -1.000000e+00 0.000000e+00 0.000000e+00
    outer loop
      vertex   -3.895000e+00 -4.450000e+00 -7.800000e+01
      vertex   -3.895000e+00 -4.040017e-01 -9.638256e+00
      vertex   -3.895000e+00 -1.790905e-01 -9.684493e+00
    endloop
  endfacet
  facet normal -1.000000e+00 0.000000e+00 0.000000e+00
    outer loop
      vertex   -3.895000e+00 -4.450000e+00 -7.800000e+01
      vertex   -3.895000e+00 -1.790905e-01 -9.684493e+00
      vertex   -3.895000e+00 5.000000e-02 -9.700000e+00
    endloop
  endfacet
  facet normal -1.000000e+00 0.000000e+00 0.000000e+00
    outer loop
      vertex   -3.895000e+00 -4.450000e+00 -7.800000e+01
      vertex   -3.895000e+00 5.000000e-02 -9.700000e+00
      vertex   -3.895000e+00 4.550000e+00 -7.800000e+01
    endloop
  endfacet
  facet normal -1.000000e+00 0.000000e+00 0.000000e+00
    outer loop
      vertex   -3.895000e+00 4.550000e+00 -7.800000e+01
      vertex   -3.895000e+00 5.000000e-02 -9.700000e+00
      vertex   -3.895000e+00 2.790905e-01 -9.684493e+00
    endloop
  endfacet
  facet normal -1.000000e+00 0.000000e+00 0.000000e+00
    outer loop
      vertex   -3.895000e+00 4.550000e+00 -7.800000e+01
      vertex   -3.895000e+00 2.790905e-01 -9.684493e+00
      vertex   -3.895000e+00 5.040017e-01 -9.638256e+00
    endloop
  endfacet
  facet normal -1.000000e+00 0.000000e+00 0.000000e+00
    outer loop
      vertex   -3.895000e+00 5.040017e-01 -9.638256e+00
      vertex   -3.895000e+00 7.206304e-01 -9.562132e+00
      vertex   -3.895000e+00 4.550000e+00 -7.800000e+01
    endloop
  endfacet
  facet normal -1.000000e+00 0.000000e+00 0.000000e+00
    outer loop
      vertex   -3.895000e+00 4.550000e+00 -7.800000e+01
      vertex   -3.895000e+00 7.206304e-01 -9.562132e+00
      vertex   -3.895000e+00 9.250247e-01 -9.457509e+00
    endloop
  endfacet
  facet normal -1.000000e+00 0.000000e+00 0.000000e+00
    outer loop
      vertex   -3.895000e+00 4.550000e+00 -7.800000e+01
      vertex   -3.895000e+00 9.250247e-01 -9.457509e+00
      vertex   -3.895000e+00 1.113456e+00 -9.326296e+00
    endloop
  endfacet
  facet normal -1.000000e+00 0.000000e+00 0.000000e+00
    outer loop
      vertex   -3.895000e+00 1.113456e+00 -9.326296e+00
      vertex   -3.895000e+00 1.282486e+00 -9.170888e+00
      vertex   -3.895000e+00 4.550000e+00 -7.800000e+01
    endloop
  endfacet
  facet normal -1.000000e+00 0.000000e+00 0.000000e+00
    outer loop
      vertex   -3.895000e+00 4.550000e+00 -7.800000e+01
      vertex   -3.895000e+00 1.282486e+00 -9.170888e+00
      vertex   -3.895000e+00 1.429031e+00 -8.994119e+00
    endloop
  endfacet
  facet normal -1.000000e+00 0.000000e+00 0.000000e+00
    outer loop
      vertex   -3.895000e+00 4.550000e+00 -7.800000e+01
      vertex   -3.895000e+00 1.429031e+00 -8.994119e+00
      vertex   -3.895000e+00 1.550419e+00 -8.799214e+00
    endloop
  endfacet
  facet normal -1.000000e+00 0.000000e+00 0.000000e+00
    outer loop
      vertex   -3.895000e+00 1.550419e+00 -8.799214e+00
      vertex   -3.895000e+00 1.644434e+00 -8.589729e+00
      vertex   -3.895000e+00 4.550000e+00 -7.800000e+01
    endloop
  endfacet
  facet normal -1.000000e+00 0.000000e+00 0.000000e+00
    outer loop
      vertex   -3.895000e+00 4.550000e+00 -7.800000e+01
      vertex   -3.895000e+00 1.644434e+00 -8.589729e+00
      vertex   -3.895000e+00 1.709362e+00 -8.369485e+00
    endloop
  endfacet
  facet normal -1.000000e+00 0.000000e+00 0.000000e+00
    outer loop
      vertex   -3.895000e+00 4.550000e+00 -7.800000e+01
      vertex   -3.895000e+00 1.709362e+00 -8.369485e+00
      vertex   -3.895000e+00 1.744017e+00 -8.142500e+00
    endloop
  endfacet
  facet normal -1.000000e+00 0.000000e+00 0.000000e+00
    outer loop
      vertex   -3.895000e+00 4.550000e+00 -7.800000e+01
      vertex   -3.895000e+00 1.744017e+00 -8.142500e+00
      vertex   -3.895000e+00 4.550000e+00 -8.000000e+00
    endloop
  endfacet
  facet normal -1.000000e+00 -0.000000e+00 0.000000e+00
    outer loop
      vertex   -3.895000e+00 4.550000e+00 -8.000000e+00
      vertex   -3.895000e+00 1.744017e+00 -8.142500e+00
      vertex   -3.895000e+00 1.747768e+00 -7.912916e+00
    endloop
  endfacet
  facet normal -1.000000e+00 0.000000e+00 0.000000e+00
    outer loop
      vertex   -3.895000e+00 4.550000e+00 -8.000000e+00
      vertex   -3.895000e+00 1.747768e+00 -7.912916e+00
      vertex   -3.895000e+00 1.720546e+00 -7.684921e+00
    endloop
  endfacet
  facet normal -1.000000e+00 0.000000e+00 0.000000e+00
    outer loop
      vertex   -3.895000e+00 1.662848e+00 -7.462673e+00
      vertex   -3.895000e+00 1.857629e+00 -3.879020e+00
      vertex   -3.895000e+00 1.720546e+00 -7.684921e+00
    endloop
  endfacet
  facet normal -1.000000e+00 0.000000e+00 0.000000e+00
    outer loop
      vertex   -3.895000e+00 1.720546e+00 -7.684921e+00
      vertex   -3.895000e+00 1.857629e+00 -3.879020e+00
      vertex   -3.895000e+00 2.191763e+00 -4.042368e+00
    endloop
  endfacet
  facet normal -1.000000e+00 0.000000e+00 0.000000e+00
    outer loop
      vertex   -3.895000e+00 1.720546e+00 -7.684921e+00
      vertex   -3.895000e+00 2.191763e+00 -4.042368e+00
      vertex   -3.895000e+00 2.511267e+00 -4.232751e+00
    endloop
  endfacet
  facet normal -1.000000e+00 0.000000e+00 0.000000e+00
    outer loop
      vertex   -3.895000e+00 1.662848e+00 -7.462673e+00
      vertex   -3.895000e+00 1.575727e+00 -7.250229e+00
      vertex   -3.895000e+00 1.857629e+00 -3.879020e+00
    endloop
  endfacet
  facet normal -1.000000e+00 -0.000000e+00 0.000000e+00
    outer loop
      vertex   -3.895000e+00 1.857629e+00 -3.879020e+00
      vertex   -3.895000e+00 1.575727e+00 -7.250229e+00
      vertex   -3.895000e+00 1.511148e+00 -3.743822e+00
    endloop
  endfacet
  facet normal -1.000000e+00 0.000000e+00 -0.000000e+00
    outer loop
      vertex   -3.895000e+00 1.511148e+00 -3.743822e+00
      vertex   -3.895000e+00 1.575727e+00 -7.250229e+00
      vertex   -3.895000e+00 1.460771e+00 -7.051462e+00
    endloop
  endfacet
  facet normal -1.000000e+00 0.000000e+00 0.000000e+00
    outer loop
      vertex   -3.895000e+00 1.511148e+00 -3.743822e+00
      vertex   -3.895000e+00 1.460771e+00 -7.051462e+00
      vertex   -3.895000e+00 1.320079e+00 -6.870000e+00
    endloop
  endfacet
  facet normal -1.000000e+00 0.000000e+00 0.000000e+00
    outer loop
      vertex   -3.895000e+00 -1.220079e+00 -6.870000e+00
      vertex   -3.895000e+00 5.000000e-02 -3.500000e+00
      vertex   -3.895000e+00 1.320079e+00 -6.870000e+00
    endloop
  endfacet
  facet normal -1.000000e+00 0.000000e+00 0.000000e+00
    outer loop
      vertex   -3.895000e+00 1.320079e+00 -6.870000e+00
      vertex   -3.895000e+00 5.000000e-02 -3.500000e+00
      vertex   -3.895000e+00 4.216071e-01 -3.515370e+00
    endloop
  endfacet
  facet normal -1.000000e+00 0.000000e+00 0.000000e+00
    outer loop
      vertex   -3.895000e+00 1.320079e+00 -6.870000e+00
      vertex   -3.895000e+00 4.216071e-01 -3.515370e+00
      vertex   -3.895000e+00 7.906757e-01 -3.561374e+00
    endloop
  endfacet
  facet normal -1.000000e+00 0.000000e+00 0.000000e+00
    outer loop
      vertex   -3.895000e+00 -3.717249e+00 -5.538733e+00
      vertex   -3.895000e+00 -3.501132e+00 -5.236043e+00
      vertex   -3.895000e+00 -1.220079e+00 -6.870000e+00
    endloop
  endfacet
  facet normal -1.000000e+00 0.000000e+00 0.000000e+00
    outer loop
      vertex   -3.895000e+00 -1.220079e+00 -6.870000e+00
      vertex   -3.895000e+00 -3.501132e+00 -5.236043e+00
      vertex   -3.895000e+00 -3.260758e+00 -4.952233e+00
    endloop
  endfacet
  facet normal -1.000000e+00 0.000000e+00 0.000000e+00
    outer loop
      vertex   -3.895000e+00 -1.220079e+00 -6.870000e+00
      vertex   -3.895000e+00 -3.260758e+00 -4.952233e+00
      vertex   -3.895000e+00 -2.997767e+00 -4.689242e+00
    endloop
  endfacet
  facet normal -1.000000e+00 0.000000e+00 0.000000e+00
    outer loop
      vertex   -3.895000e+00 -2.997767e+00 -4.689242e+00
      vertex   -3.895000e+00 -2.713957e+00 -4.448868e+00
      vertex   -3.895000e+00 -1.220079e+00 -6.870000e+00
    endloop
  endfacet
  facet normal -1.000000e+00 0.000000e+00 0.000000e+00
    outer loop
      vertex   -3.895000e+00 -1.220079e+00 -6.870000e+00
      vertex   -3.895000e+00 -2.713957e+00 -4.448868e+00
      vertex   -3.895000e+00 -2.411267e+00 -4.232751e+00
    endloop
  endfacet
  facet normal -1.000000e+00 0.000000e+00 0.000000e+00
    outer loop
      vertex   -3.895000e+00 -1.220079e+00 -6.870000e+00
      vertex   -3.895000e+00 -2.411267e+00 -4.232751e+00
      vertex   -3.895000e+00 -2.091763e+00 -4.042368e+00
    endloop
  endfacet
  facet normal -1.000000e+00 0.000000e+00 0.000000e+00
    outer loop
      vertex   -3.895000e+00 -2.091763e+00 -4.042368e+00
      vertex   -3.895000e+00 -1.757629e+00 -3.879020e+00
      vertex   -3.895000e+00 -1.220079e+00 -6.870000e+00
    endloop
  endfacet
  facet normal -1.000000e+00 0.000000e+00 0.000000e+00
    outer loop
      vertex   -3.895000e+00 -1.220079e+00 -6.870000e+00
      vertex   -3.895000e+00 -1.757629e+00 -3.879020e+00
      vertex   -3.895000e+00 -1.411148e+00 -3.743822e+00
    endloop
  endfacet
  facet normal -1.000000e+00 0.000000e+00 0.000000e+00
    outer loop
      vertex   -3.895000e+00 -1.220079e+00 -6.870000e+00
      vertex   -3.895000e+00 -1.411148e+00 -3.743822e+00
      vertex   -3.895000e+00 -1.054685e+00 -3.637699e+00
    endloop
  endfacet
  facet normal -1.000000e+00 0.000000e+00 -0.000000e+00
    outer loop
      vertex   -3.895000e+00 -1.054685e+00 -3.637699e+00
      vertex   -3.895000e+00 -6.906757e-01 -3.561374e+00
      vertex   -3.895000e+00 -1.220079e+00 -6.870000e+00
    endloop
  endfacet
  facet normal -1.000000e+00 0.000000e+00 0.000000e+00
    outer loop
      vertex   -3.895000e+00 -1.220079e+00 -6.870000e+00
      vertex   -3.895000e+00 -6.906757e-01 -3.561374e+00
      vertex   -3.895000e+00 -3.216071e-01 -3.515370e+00
    endloop
  endfacet
  facet normal -1.000000e+00 0.000000e+00 0.000000e+00
    outer loop
      vertex   -3.895000e+00 -1.220079e+00 -6.870000e+00
      vertex   -3.895000e+00 -3.216071e-01 -3.515370e+00
      vertex   -3.895000e+00 5.000000e-02 -3.500000e+00
    endloop
  endfacet
  facet normal -1.000000e+00 0.000000e+00 0.000000e+00
    outer loop
      vertex   -3.895000e+00 7.906757e-01 -3.561374e+00
      vertex   -3.895000e+00 1.154685e+00 -3.637699e+00
      vertex   -3.895000e+00 1.320079e+00 -6.870000e+00
    endloop
  endfacet
  facet normal -1.000000e+00 0.000000e+00 0.000000e+00
    outer loop
      vertex   -3.895000e+00 1.320079e+00 -6.870000e+00
      vertex   -3.895000e+00 1.154685e+00 -3.637699e+00
      vertex   -3.895000e+00 1.511148e+00 -3.743822e+00
    endloop
  endfacet
  facet normal -1.000000e+00 0.000000e+00 -0.000000e+00
    outer loop
      vertex   -3.895000e+00 2.511267e+00 -4.232751e+00
      vertex   -3.895000e+00 2.813957e+00 -4.448868e+00
      vertex   -3.895000e+00 1.720546e+00 -7.684921e+00
    endloop
  endfacet
  facet normal -1.000000e+00 0.000000e+00 0.000000e+00
    outer loop
      vertex   -3.895000e+00 1.720546e+00 -7.684921e+00
      vertex   -3.895000e+00 2.813957e+00 -4.448868e+00
      vertex   -3.895000e+00 3.097767e+00 -4.689242e+00
    endloop
  endfacet
  facet normal -1.000000e+00 0.000000e+00 0.000000e+00
    outer loop
      vertex   -3.895000e+00 1.720546e+00 -7.684921e+00
      vertex   -3.895000e+00 3.097767e+00 -4.689242e+00
      vertex   -3.895000e+00 3.360758e+00 -4.952233e+00
    endloop
  endfacet
  facet normal -1.000000e+00 0.000000e+00 -0.000000e+00
    outer loop
      vertex   -3.895000e+00 3.360758e+00 -4.952233e+00
      vertex   -3.895000e+00 3.601132e+00 -5.236043e+00
      vertex   -3.895000e+00 1.720546e+00 -7.684921e+00
    endloop
  endfacet
  facet normal -1.000000e+00 0.000000e+00 0.000000e+00
    outer loop
      vertex   -3.895000e+00 1.720546e+00 -7.684921e+00
      vertex   -3.895000e+00 3.601132e+00 -5.236043e+00
      vertex   -3.895000e+00 4.534630e+00 -7.628393e+00
    endloop
  endfacet
  facet normal -1.000000e+00 0.000000e+00 0.000000e+00
    outer loop
      vertex   -3.895000e+00 1.720546e+00 -7.684921e+00
      vertex   -3.895000e+00 4.534630e+00 -7.628393e+00
      vertex   -3.895000e+00 4.550000e+00 -8.000000e+00
    endloop
  endfacet
  facet normal -1.000000e+00 0.000000e+00 0.000000e+00
    outer loop
      vertex   -3.895000e+00 3.601132e+00 -5.236043e+00
      vertex   -3.895000e+00 3.817249e+00 -5.538733e+00
      vertex   -3.895000e+00 4.534630e+00 -7.628393e+00
    endloop
  endfacet
  facet normal -1.000000e+00 0.000000e+00 0.000000e+00
    outer loop
      vertex   -3.895000e+00 4.534630e+00 -7.628393e+00
      vertex   -3.895000e+00 3.817249e+00 -5.538733e+00
      vertex   -3.895000e+00 4.007632e+00 -5.858237e+00
    endloop
  endfacet
  facet normal -1.000000e+00 0.000000e+00 0.000000e+00
    outer loop
      vertex   -3.895000e+00 4.534630e+00 -7.628393e+00
      vertex   -3.895000e+00 4.007632e+00 -5.858237e+00
      vertex   -3.895000e+00 4.170980e+00 -6.192371e+00
    endloop
  endfacet
  facet normal -1.000000e+00 0.000000e+00 0.000000e+00
    outer loop
      vertex   -3.895000e+00 4.170980e+00 -6.192371e+00
      vertex   -3.895000e+00 4.306178e+00 -6.538852e+00
      vertex   -3.895000e+00 4.534630e+00 -7.628393e+00
    endloop
  endfacet
  facet normal -1.000000e+00 0.000000e+00 0.000000e+00
    outer loop
      vertex   -3.895000e+00 4.534630e+00 -7.628393e+00
      vertex   -3.895000e+00 4.306178e+00 -6.538852e+00
      vertex   -3.895000e+00 4.412301e+00 -6.895315e+00
    endloop
  endfacet
  facet normal -1.000000e+00 0.000000e+00 0.000000e+00
    outer loop
      vertex   -3.895000e+00 4.534630e+00 -7.628393e+00
      vertex   -3.895000e+00 4.412301e+00 -6.895315e+00
      vertex   -3.895000e+00 4.488626e+00 -7.259324e+00
    endloop
  endfacet
endsolid
